.22-caliber,caliber
.22-calibre,calibre
.22_caliber,caliber
.22_calibre,calibre
.38-caliber,caliber
.38-calibre,calibre
.38_caliber,caliber
.38_calibre,calibre
.45-caliber,caliber
.45-calibre,calibre
.45_caliber,caliber
.45_calibre,calibre
ASAT,satellite
Aberdonian,Aberdeen
Abkhazian,Abkhazia
Achaean,Achaea
Adonic,Adonis
Aegean,Aegean_civilization
Aeolian,Aeolis
Aeolian,Aeolus
Aeschylean,Aeschylus
Afghan,Afghanistan
Afghani,Afghanistan
Afghanistani,Afghanistan
African,Africa
Afrikaans,South_Africa
Afrikaner,South_Africa
Afro-Asian,Asia
Alaskan,Alaska
Albanian,Albania
Albigensian,Albigenses
Albigensian,Albigensianism
Aleutian,Aleut
Alexandrian,Alexander
Algerian,Algeria
Algonkian,Algonquian
Algonquin,Algonquian
Allied,Allies
Alpine,Alps
Alsatian,Alsace
Ambrosian,Ambrose
American,America
Amerind,Native_American
Amerindic,Native_American
Andalusian,Andalusia
Andean,Andes
Andorran,Andorra
Anglican,Anglican_Church
Anglo-Indian,India
Anglo-Jewish,Jew
Anglo-catholic,Anglican_Church
Anglophilic,Anglophilia
Anglophobic,Anglophobia
Angolan,Angola
Anguillan,Anguilla
Antiguan,Antigua
Apocryphal,Apocrypha
Appalachian,Appalachia
Arabian,Arab
Arabian,Arabia
Arabic,Arab
Aramaean,Aram
Aramean,Aram
Arawakan,Arawak
Argentine,Argentina
Argentinian,Argentina
Argive,Argos
Aristotelean,Aristotle
Aristotelian,Aristotle
Aristotelic,Aristotle
Armenian,Armenia
Arminian,Arminianism
Arthurian,Arthur
Aryan,Indo-European
Asian,Asia
Asiatic,Asia
Assamese,Assam
Athenian,Athens
Attic,Attica
Audenesque,Auden
Augustan,Augustus
Australasian,Australasia
Australian,Australia
Austrian,Austria
Austronesian,Austronesia
Avestan,Avesta
Azerbaijani,Azerbaijan
Babylonian,Babylon
Bahai,Bahaism
Bahamian,Bahamas
Bahraini,Bahrain
Baltic,Baltic_Sea
Baltic,Baltic_State
Balzacian,Balzac
Bangladeshi,Bangladesh
Bantoid,Bantu
Bantu-speaking,Bantu
Baptistic,Baptist_Church
Barbadian,Barbados
Bavarian,Bavaria
Bayesian,Bayes'_theorem
Beethovenian,Beethoven
Belarusian,Belarus
Belgian,Belgium
Benedictine,Benedict
Bengali,Bengal
Beninese,Benin
Bermudan,Bermuda
Bhutanese,Bhutan
Biedermeier,furniture
Bismarckian,Bismarck
Boeotian,Boeotia
Bogartian,Bogart
Bohemian,Bohemia
Bolivian,Bolivia
Bolshevik,Bolshevism
Bolshevist,Bolshevism
Bolshevistic,Bolshevism
Boolean,Boole
Bosnian,Bosnia-Herzegovina
Botswanan,Botswana
Brazilian,Brazil
Britannic,British
British,Great_Britain
Brobdingnagian,Brobdingnag
Bruneian,Brunei
Buddhist,Buddhism
Buddhistic,Buddhism
Bulgarian,Bulgaria
Burmese,Myanmar
Burundian,Burundi
Byzantine,Byzantine_Empire
Byzantine,Eastern_Orthodox_Church
Caesarean,Caesar
Caesarian,Caesar
Calcuttan,Calcutta
Californian,California
Calvinist,Calvinism
Calvinistic,Calvinism
Calvinistical,Calvinism
Cambodian,Cambodia
Cambrian,Cambria
Cameroonian,Cameroon
Canadian,Canada
Capetian,Capetian_dynasty
Cappadocian,Cappadocia
Carolean,Charles_I
Carolean,Charles_II
Caroline,Charlemagne
Caroline,Charles_I
Caroline,Charles_II
Carolingian,Carlovingian_dynasty
Carolingian,Carolingian_dynasty
Cartesian,Descartes
Carthaginian,Carthage
Carthusian,Carthusian_order
Catalan,Catalonia
Catholic,Catholicism
Caucasian,Caucasus
Caucasic,Caucasus
Celtic,Celt
Central_American,Central_America
Ceylonese,Ceylon
Chadian,Chad
Chaldaean,Chaldea
Chaldean,Chaldea
Chaldee,Chaldea
Chasidic,Chasidim
Chasidic,Chasidism
Chassidic,Chassidim
Chassidic,Chassidism
Chechen,Chechnya
Chian,Chios
Chilean,Chile
Chinese,China
Christian,Christianity
Christological,Christology
Churchillian,Churchill
Coleridgean,Coleridge
Coleridgian,Coleridge
Colombian,Colombia
Columbian,Columbus
Confucian,Confucianism
Congolese,Congo
Congregational,Congregational_Church
Congregationalist,Congregational_Church
Continental,Continent
Coptic,Copt
Cornish,Cornwall
Corsican,Corsica
Costa_Rican,Costa_Rica
Creole,creole
Croatian,Croatia
Cromwellian,Cromwell
Cuban,Cuba
Cyprian,Cyprus
Cypriot,Cyprus
Cypriote,Cyprus
Czech,Czechoslovakia
Czechoslovakian,Czechoslovakia
Dalmatian,Dalmatia
Danish,Denmark
Dantean,Dante
Dantesque,Dante
Darwinian,Darwinism
Delphian,Delphi
Delphic,Delphi
Democratic,democrat
Demosthenic,Demosthenes
Deweyan,Dewey
Dickensian,Dickens
Dionysian,Dionysus
Dipylon,Dipylon_gate
Djiboutian,Djibouti
Dominican,Dominican_Republic
Donatist,Donatism
Donnean,Donne
Donnian,Donne
Dorian,Doris
Dostoevskian,Dostoevski
Dostoyevskian,Dostoevski
Draconian,Draco
Dutch,Netherlands
East_African,East_Africa
East_German,East_Germany
East_Indian,East_Indies
East_Pakistani,Bangladesh
Eastern_Orthodox,Orthodox_Church
Ecuadorian,Ecuador
Edwardian,Edward_VII
Egyptian,Egypt
Einsteinian,Einstein
Elizabethan,Elizabeth
Elizabethan,Elizabethan_age
English,England
Ephesian,Ephesus
Epicurean,Epicurus
Epicurean,epicureanism
Episcopal,Episcopal_Church
Episcopalian,Episcopal_Church
Erasmian,Erasmus
Eritrean,Eritrea
Estonian,Estonia
Ethiopian,Ethiopia
Eucharistic,Eucharist
Eurafrican,Africa
Eurafrican,Europe
Eurasian,Eurasia
Eurasiatic,Eurasia
Eurocentric,Eurocentrism
European,Europe
Europocentric,Eurocentrism
Fabian,Fabianism
Fahrenheit,Fahrenheit_scale
Falstaffian,Falstaff
Faustian,Faust
Fijian,Fiji
Filipino,Philippines
Finnish,Finland
Flemish,Flanders
Florentine,Florence
Franciscan,Francis_of_Assisi
Frankish,Frank
French,France
Freudian,Freud
Frisian,Friesland
Frisian,Frisia
Frostian,Frost
Gabonese,Gabon
Gaelic,Celt
Galilaean,Galilean
Galilaean,Galilee
Galilean,Galilee
Galilean,Galileo
Gallic,France
Gallic,Gaul
Gallican,Gallicanism
Galwegian,Galloway
Gambian,Gambia
Gandhian,Gandhi
Gauguinesque,Gauguin
Gaussian,Gauss
Genoese,Genoa
Genovese,Genoa
Georgian,George
Georgian,Georgia
German,Germany
German-American,German_American
Germanic,Teuton
Ghanaian,Ghana
Ghanese,Ghana
Ghanian,Ghana
Gibraltarian,Gibraltar
Gilbertian,Gilbert
Glaswegian,Glasgow
Gnostic,Gnosticism
Goethean,Goethe
Goethian,Goethe
Gothic,Goth
Grecian,Greece
Greek,Greece
Greek_Orthodox,Orthodox_Church
Gregorian,Gregorian_calendar
Gregorian,Gregorian_chant
Gregorian,Gregory_I
Gregorian,Gregory_XIII
Grenadian,Grenada
Guatemalan,Guatemala
Guinean,Guinea
Guyanese,Guyana
Haitian,Haiti
Handelian,Handel
Hanoverian,Hanover
Hasidic,Hasidim
Hasidic,Hasidism
Hassidic,Hassidim
Hassidic,Hassidism
Hawaiian,Hawaii
Hebraic,Hebrew
Hebraical,Hebrew
Hebridean,Hebrides
Hegelian,Hegel
Hellenic,Greece
Hellenic,Hellenism
Hellenistic,Hellenism
Hellenistical,Hellenism
Hemingwayesque,Hemingway
Hertzian,Hertz
Himalayan,Himalayas
Hindi,Hinduism
Hindoo,Hinduism
Hindu,Hinduism
Hindustani,Hindustan
Hippocratic,Hippocrates
Hispaniolan,Haiti
Hitlerian,Hitler
Homeric,Homer
Honduran,Honduras
Hugoesque,Hugo
Hungarian,Hungary
Huxleian,Huxley
Huxleyan,Huxley
Iberian,Iberia
Ibsenian,Ibsen
Icelandic,Iceland
Incan,Inca
Indian,India
Indian,Native_American
Indo-Aryan,Indo-European
Indo-Germanic,Indo-European
Indonesian,Indonesia
Ionian,Attica
Ionic,Ionia
Ionic,Ionic_order
Iraki,Iraq
Iranian,Iran
Iraqi,Iraq
Irish,Ireland
Islamic,Islamism
Ismaili,Ismailism
Israeli,Israel
Italian,Italy
Jacksonian,Andrew_Jackson
Jacobean,James_I
Jacobinic,Jacobin
Jacobinical,Jacobin
Jain,Jainism
Jainist,Jainism
Jamaican,Jamaica
Jamesian,James
Japanese,Japan
Javan,Java
Javanese,Java
Jeffersonian,Jefferson
Jesuit,Jesuitism
Jesuitic,Jesuit
Jesuitic,Jesuitism
Jesuitical,Jesuit
Jesuitical,Jesuitism
Jewish,Jew
Jewish-Orthodox,Judaism
Jordanian,Jordan
Jovian,Jupiter
Judaic,Jew
Judaic,Judaism
Judaical,Judaism
Judeo-Christian,Christianity
Judeo-Christian,Judaism
Julian,Julius_Caesar
Jungian,Jung
Kafkaesque,Kafka
Kampuchean,Cambodia
Kantian,Kant
Kashmiri,Kashmir
Katari,Qatar
Kazakhstani,Kazakhstan
Kechuan,Quechua
Kenyan,Kenya
Keynesian,Keynes
Keynesian,Keynesianism
Kiplingesque,Kipling
Kokka,Kokka_Shinto
Koranic,Koran
Korean,Korea
Kurdish,Kurdistan
Kuwaiti,Kuwait
Kyrgyzstani,Kyrgyzstan
Lamarckian,Lamarckism
Lancastrian,Lancaster
Laotian,Laos
Laputan,Laputa
Latin,Latium
Latin,Romance
Latin-American,Latin_America
Latino,Hispanic
Latvian,Latvia
Lebanese,Lebanon
Leibnitzian,Leibnitz
Leibnizian,Leibniz
Leonardesque,Leonardo
Levantine,Levant
Levitical,Leviticus
Liberian,Liberia
Libyan,Libya
Liechtensteiner,Liechtenstein
Lilliputian,Lilliput
Lincolnesque,Lincoln
Lincolnian,Lincoln
Linnaean,Linnaeus
Linnean,Linnaeus
Lithuanian,Lithuania
Liverpudlian,Liverpool
Lusitanian,Lusitania
Lutheran,Luther
Lutheran,Lutheran_Church
Luxembourgian,Luxembourg
Luxemburger,Luxemburg
Macedonian,Macedonia
Machiavellian,Machiavelli
Machiavellian,Machiavellianism
Madagascan,Madagascar
Malawian,Malawi
Malayan,Malay
Malayan,Malaya
Malaysian,Malaysia
Malian,Mali
Maltese,Malta
Malthusian,Malthus
Malthusian,Malthusianism
Manchurian,Manchuria
Mancunian,Manchester
Manichaean,Manichaeism
Manichaean,dualism
Manichean,Manichaeism
Manichee,Manichaeism
Manx,Man
Maoist,Maoism
Marian,Mary
Markovian,Markov_process
Maroc,Morocco
Martian,Mars
Marxist,Marxism
Marxist-Leninist,Leninism
Masonic,Mason
Masonic,Masonry
Masoretic,Masorah
Mauritanian,Mauritius
Mauritian,Mauritius
Melanesian,Melanesia
Mendelian,Mendel
Mercurial,Mercury
Methodist,Methodist_Church
Mexican,Mexico
Michelangelesque,Michelangelo
Middle_Eastern,Middle_East
Milanese,Milan
Minoan,Minoan_civilization
Mishnaic,Mishna
Mohammedan,Mohammed
Moldovan,Moldova
Monacan,Monaco
Monegasque,Monaco
Mongol,Mongolia
Mongolian,Mongolia
Mongoloid,Mongolia
Monophysite,Monophysitism
Monophysitic,Monophysitism
Moorish,Moor
Moravian,Moravia
Moresque,Moor
Mormon,Mormon_Church
Moroccan,Morocco
Mosaic,Moses
Moslem,Islamism
Mozambican,Mozambique
Mozartean,Mozart
Mozartian,Mozart
Muhammadan,Muhammad
Muslim,Islamism
Mycenaean,Mycenae
Namibian,Namibia
Napoleonic,Napoleon
Nauruan,Nauru
Nazarene,Nazareth
Nazi,Nazism
Nazi,socialism
Neandertal,Neanderthal_man
Neanderthal,Neanderthal_man
Neanderthalian,Neanderthal_man
Neapolitan,Naples
Nepalese,Nepal
Nepali,Nepal
Nestorian,Nestorianism
Nestorian,Nestorius
New_Caledonian,New_Caledonia
New_Zealander,New_Zealand
Newtonian,Newton
Nicaean,Nicaea
Nicaraguan,Nicaragua
Nicene,Nicaea
Nigerian,Nigeria
Nigerien,Nigerian
Nilotic,Nile
Noachian,Noah
Nordic,Scandinavian
Nordic,northern_Europe
Norman,Normandy
Norse,Norway
North_African,North_Africa
North_American,North_America
North_Korean,North_Korea
North_Vietnamese,North_Vietnam
Norwegian,Norway
Numidian,Numidia
Olympian,Mount_Olympus
Olympian,Olympia
Olympic,Olympia
Olympic,Olympic_Games
Omani,Oman
Orphic,Orpheus
Orthodox,Judaism
Orthodox,Orthodox_Church
Orwellian,Orwell
Ottoman,Ottoman_Empire
Oxonian,Oxford
Pakistani,Pakistan
Palestinian,Palestine
Palladian,Palladio
Pan-Hellenic,Hellenism
Panamanian,Panama
Panhellenic,Hellenism
Papuan,Papua
Paraguayan,Paraguay
Parisian,Paris
Parthian,Parthia
Pasteurian,Pasteur
Pauline,Paul
Pavlovian,Pavlov
Peloponnesian,Peloponnesus
Peruvian,Peru
Pharaonic,Pharaoh
Philippine,Philippines
Philistine,Philistia
Phoenician,Phoenicia
Piagetian,Piaget
Platonic,Plato
Platonistic,Platonism
Polish,Poland
Polynesian,Polynesia
Portuguese,Portugal
Prakritic,Prakrit
Procrustean,Procrustes
Protestant,Protestantism
Proustian,Proust
Prussian,Prussia
Ptolemaic,Ptolemy
Puranic,Purana
Pythagorean,Pythagoras
Qatari,Qatar
Quebecois,Quebec
Quechuan,Quechua
R.C.,Romanism
Rabelaisian,Rabelais
Rastafarian,Rastafarianism
Rembrandtesque,Rembrandt
Rhenish,Rhine
Rhodesian,Rhodesia
Riemannian,Riemann
Roman,Romanism
Roman,Rome
Roman,roman
Roman_Catholic,Romanism
Romani,Gypsy
Romanian,Romania
Romanist,Romanism
Romany,Gypsy
Rooseveltian,Roosevelt
Roumanian,Romania
Rousseauan,Rousseau
Ruandan,Rwanda
Rumanian,Romania
Ruritanian,Ruritania
Russian,Russia
Russian_Orthodox,Orthodox_Church
Rwandan,Rwanda
Sabahan,Sabah
Sabbatarian,Sabbath
Sadducean,Sadducee
Saharan,Sahara
Salvadoran,El_Salvador
Salvadorean,El_Salvador
Samoan,Samoa
San_Marinese,San_Marino
Sarawakian,Sarawak
Sardinian,Sardinia
Satanic,Satan
Saudi,Saudi_Arabia
Saudi-Arabian,Saudi_Arabia
Scandinavian,Scandinavia
Scotch,Scotland
Scots,Scotland
Scottish,Scotland
Semitic,Semite
Senecan,Seneca
Senegalese,Senegal
Serbian,Serbia
Seychellois,Seychelles
Shakespearean,Shakespeare
Shakespearian,Shakespeare
Shavian,Shaw
Shinto,Shintoism
Shintoist,Shintoism
Shintoistic,Shintoism
Shuha,Shuha_Shinto
Siamese,Siam
Siamese,Thai
Siberian,Siberia
Sicilian,Sicily
Sierra_Leonean,Sierra_Leone
Sikh,Sikhism
Singaporean,Singapore
Singhalese,Sinhalese
Sinhala,Sinhalese
Sinitic,Chinese
Siouan,Sioux
Sisyphean,Sisyphus
Skinnerian,Skinner
Slavic,Slavonic
Slovakian,Slovakia
Slovenian,Slovenia
Socratic,Socrates
Solomonic,Solomon
Somali,Somalia
Somalian,Somalia
South_African,South_Africa
South_American,South_America
South_Korean,South_Korea
Soviet,Soviet_Union
Spanish,Spain
Spartan,Sparta
Sri_Lankan,Ceylon
Stalinist,Stalin
Stoic,Stoicism
Stravinskian,Stravinsky
Stravinskyan,Stravinsky
Sudanese,Sudan
Sufi,Sufism
Sumatran,Sumatra
Sumerian,Sumer
Swazi,Swaziland
Swedish,Sweden
Swiss,Switzerland
Syrian,Syria
Tahitian,Tahiti
Tai,Thai
Tai,Thailand
Taiwanese,Taiwan
Tajikistani,Tajikistan
Tantric,Tantrism
Tantrik,Tantrism
Tanzanian,Tanzania
Taoist,Taoism
Tasmanian,Tasmania
Teutonic,Teuton
Texan,Texas
Thai,Thailand
Theban,Thebes
Thoreauvian,Thoreau
Thracian,Thrace
Tibetan,Tibet
Timorese,Timor
Tobagonian,Tobago
Togolese,Togo
Tongan,Tonga
Trinidadian,Trinidad
Trojan,Troy
Tunisian,Tunis
Tunisian,Tunisia
Turkic,Turki
Turkish,Turkey
Turkmen,Turkmenistan
Tuscan,Tuscany
Tyrolean,Tyrol
Tyrolese,Tyrol
Ugandan,Uganda
Ukrainian,Ukraine
Uniate,Uniate_Church
Unitarian,Unitarianism
Uruguayan,Uruguay
Utopian,Utopia
Uzbekistani,Uzbekistan
Vedic,Veda
Venetian,Venice
Venezuelan,Venezuela
Victorian,Victoria
Victorian,Victorian_age
Viennese,Vienna
Vietnamese,Vietnam
Voltarean,Voltaire
Voltarian,Voltaire
WYSIWYG,word_processor
Wagnerian,Wagner
Washingtonian,Washington
Welsh,Wales
West_African,West_Africa
Wiccan,Wicca
Wilsonian,Wilson
Wittgensteinian,Wittgenstein
Wordsworthian,Wordsworth
X-linked,X_chromosome
Yeatsian,Yeats
Yemeni,Yemen
Yugoslav,Yugoslavia
Yugoslavian,Yugoslavia
Yuman,Yuma
Zairean,Zaire
Zairese,Zaire
Zambian,Zambia
Zimbabwean,Zimbabwe
Zionist,Zionism
Zolaesque,Zola
Zoroastrian,Zoroaster
abasic,abasia
abatic,abasia
abbatial,abbey
abdominal,abdomen
abdominovesical,abdomen
abdominovesical,urinary_bladder
abient,abience
abiogenetic,abiogenesis
abolitionary,abolition
abomasal,abomasum
absolutist,absolutism
absolutistic,absolutism
abyssal,abyssal_zone
academic,academia
acanthotic,acanthosis
acapnial,acapnia
acapnic,acapnia
acapnotic,acapnia
accentual,accent
accessional,accession
accipitrine,Accipiter
accommodational,accommodation
acculturational,acculturation
acculturative,acculturation
accusative,accusative_case
accusatorial,accuser
acentric,centromere
acervate,acervulus
acetic,acetic_acid
acetonic,acetone
acetylenic,acetylene
acetylic,acetic_acid
achenial,achene
achlorhydric,hydrochloric_acid
achondritic,achondrite
achondroplastic,achondroplasia
achromatinic,achromatin
aciculate,acicula
acidimetric,acidimetry
acidotic,acidosis
acinar,acinus
acinic,acinus
acinose,acinus
acinous,acinus
acneiform,acne
acoustic,acoustics
acoustical,acoustics
acrocentric,centromere
acrogenic,acrogen
acrogenous,acrogen
acronymic,acronym
acronymous,acronym
actinic,actinism
actinometric,actinometry
actinometrical,actinometry
actinomycetal,actinomycete
actinomycetous,actinomycete
actinomycotic,actinomycosis
actuarial,actuary
aculeate,aculeus
aculeated,aculeus
adactylous,adactylia
adamantine,adamant
adenocarcinomatous,adenocarcinoma
adenoidal,adenoid
adient,adience
adjectival,adjective
adjudicative,adjudication
adjudicatory,adjudication
administrative,administration
adnexal,adnexa
adolescent,adolescence
adrenal,adrenal_gland
adrenal,kidney
adrenergic,epinephrine
adrenocortical,adrenal_cortex
advective,advection
adventitial,adventitia
adventuristic,adventurism
adverbial,adverb
aecial,aecium
aeonian,eon
aeriferous,air
aerodynamic,aerodynamics
aerolitic,aerolite
aerological,aerology
aeromechanic,aeromechanics
aeromedical,aeromedicine
aeronautic,aeronautics
aeronautical,aeronautics
aerophilatelic,aerophilately
aesculapian,Aesculapius
aesthetic,aesthetics
aetiologic,etiology
aetiological,etiology
afebrile,fever
affine,affine_transformation
affixal,affix
affixial,affix
agential,agent
agnostic,agnosticism
agonadal,gonad
agonal,agony
agonistic,agon
agranulocytic,agranulocytosis
agraphic,agraphia
agricultural,agriculture
agrobiologic,agrobiology
agrobiological,agrobiology
agrologic,agrology
agrological,agrology
agronomic,agronomy
agronomical,agronomy
agrypnotic,agrypnia
air-breathing,breathing
alabastrine,alabaster
albinal,albinism
albinic,albinism
albinistic,albinism
albinotic,albinism
albitic,albite
albuminous,albumin
albuminuric,albuminuria
alchemic,alchemy
alchemical,alchemy
alchemistic,alchemist
alchemistical,alchemist
aldehydic,aldehyde
aldermanic,alderman
aldermanly,alderman
aleuronic,aleurone
alexic,alexia
algal,alga
algebraic,algebra
algebraical,algebra
algoid,alga
algolagnic,algolagnia
algometric,algometry
algometrical,algometry
alimentative,alimentation
alkahestic,alkahest
alkaloidal,alkaloid
alkalotic,alkalosis
alkylic,alkyl_group
allantoic,allantois
allelic,allele
allelomorphic,allelomorph
allergenic,allergen
allergic,allergy
alliaceous,Allium
allogamous,allogamy
allographic,allograph
allomerous,allomerism
allometric,allometry
allomorphic,allomorph
allopathic,allopathy
allophonic,allophone
allotropic,allotropy
allotropical,allotropy
alluvial,alluvium
allylic,allyl_group
alopecic,alopecia
alphabetic,alphabet
alphabetical,alphabet
alphameric,alphanumerics
alphamerical,alphanumerics
alphanumeric,alphanumerics
alphanumerical,alphanumerics
alpine,alp
altitudinal,altitude
alular,alula
aluminous,aluminum
alveolar,alveolar_ridge
alveolar,alveolus
alvine,intestine
amalgamative,amalgamation
amaranthine,amaranth
amaurotic,amaurosis
ambassadorial,ambassador
amblyopic,amblyopia
ambulacral,ambulacrum
ambulatory,ambulation
ameban,amoeba
amebic,amoeba
ameboid,ameba
amebous,amoeba
amenorrheal,amenorrhea
amenorrheic,amenorrhea
amenorrhoeal,amenorrhea
amenorrhoeic,amenorrhea
amethystine,amethyst
aminic,amine
amino,amine
amitotic,amitosis
ammino,ammine
ammoniac,ammonia
ammoniacal,ammonia
ammoniated,ammonium
ammonitic,ammonite
amnesic,amnesia
amnestic,amnesia
amnic,amnion
amnionic,amnion
amniotic,amnion
amoeban,amoeba
amoebic,amoeba
amoeboid,ameba
amoebous,amoeba
amoristic,amorist
amphibian,amphibia
amphibious,amphibia
amphitheatric,amphitheater
amphitheatrical,amphitheater
amphoric,auscultation
ampullar,ampulla
ampullary,ampulla
amygdaline,almond
amylolytic,amylolysis
anabiotic,anabiosis
anabolic,anabolism
anaclitic,anaclisis
anacoluthic,anacoluthon
anaemic,anemia
anaesthetic,anaesthesia
anaglyphic,anaglyph
anaglyphical,anaglyph
anaglyptic,anaglyph
anaglyptical,anaglyph
anagogic,anagoge
anagogical,anagoge
anagrammatic,anagram
anagrammatical,anagram
anal,anus
analphabetic,alphabet
analytic,analysis
anamnestic,anamnesis
anamorphic,anamorphosis
anapaestic,anapaest
anapestic,anapest
anaphasic,anaphase
anaphoric,anaphora
anaphylactic,anaphylaxis
anaplastic,anaplasia
anarchistic,anarchism
anasarcous,anasarca
anastigmatic,anastigmat
anastomotic,anastomosis
anatomic,anatomy
anatomical,anatomy
ancestral,ancestor
androgenetic,androgenesis
androgenic,androgen
androgenous,androgenesis
androgynous,androgyne
anecdotal,anecdote
anemic,anemia
anemographic,anemography
anemometric,anemometry
anemometrical,anemometry
anencephalic,anencephaly
anencephalous,anencephaly
anesthetic,anesthesia
anestric,anestrus
anestrous,anestrus
aneuploid,aneuploidy
aneurismal,aneurysm
aneurismatic,aneurysm
aneurysmal,aneurysm
aneurysmatic,aneurysm
angelic,angel
angelical,angel
anginal,angina
anginose,angina
anginous,angina
angiocarpic,angiocarp
angiocarpous,angiocarp
angiomatous,angioma
angiospermous,angiosperm
anguine,snake
angular,angle
anicteric,icterus
animalistic,animalism
animatistic,animatism
animist,animism
animistic,animism
anionic,anion
aniseikonic,aniseikonia
anisogametic,anisogamete
anisogamic,anisogamy
anisogamous,anisogamy
anisometropic,anisometropia
ankylotic,ankylosis
annalistic,annals
annelid,phylum_Annelida
annelidan,phylum_Annelida
annexal,annexa
annexational,annexation
annunciatory,annunciation
anodal,anode
anodic,anode
anoestrous,anestrus
anoperineal,anus
anoperineal,perineum
anopheline,genus_Anopheles
anorectal,anus
anorectal,rectum
anorthitic,anorthite
anosmatic,anosmia
anosmic,anosmia
anoxemic,anoxemia
anoxic,anoxia
anserine,subfamily_Anserinae
antecubital,cubitus
antennal,antenna
antennary,antenna
antenuptial,wedding
antheridial,antheridium
anthracitic,anthracite
anthropic,human_being
anthropical,human_being
anthropocentric,anthropocentrism
anthropogenetic,anthropogenesis
anthropogenic,anthropogenesis
anthropological,anthropology
anthropometric,anthropometry
anthropometrical,anthropometry
anthropophagous,anthropophagus
anti-American,America
anti-semitic,anti-Semitism
antiadrenergic,epinephrine
antiapartheid,apartheid
anticancer,cancer
anticlimactic,anticlimax
anticlimactical,anticlimax
anticoagulative,anticoagulant
anticyclonic,anticyclone
antidotal,antidote
antiferromagnetic,antiferromagnetism
antigenic,antigen
antimonic,antimony
antimonious,antimony
antineoplastic,neoplasm
antinomian,antinomianism
antiphonal,antiphon
antiphonary,antiphon
antiphonary,antiphony
antipodal,antipodes
antipodean,antipodes
antipollution,pollution
antiquarian,antique
antisatellite,satellite
antisemitic,antisemitism
antistrophic,antistrophe
antitumor,tumor
antitumour,tumour
antitypic,antitype
antitypical,antitype
anuran,Anura
anuretic,anuresis
anuric,anuresis
anxiolytic,anxiety
aoristic,aorist
aortal,aorta
aortic,aorta
aphaeretic,aphaeresis
aphakic,aphakia
aphanitic,aphanite
aphasic,aphasia
apheretic,aphaeresis
aphetic,aphesis
apian,bee
apiarian,apiarist
apicultural,apiculture
aplitic,aplite
apneic,apnea
apnoeic,apnea
apocalyptic,apocalypse
apocynaceous,Apocynaceae
apogametic,apogamy
apogamic,apogamy
apogamous,apogamy
apogean,apogee
apomictic,apomict
apomictical,apomict
aponeurotic,aponeurosis
apopemptic,farewell
apophatic,apophatism
apophyseal,apophysis
apoplectic,apoplexy
apoplectiform,apoplexy
apoplectoid,apoplexy
aposiopetic,aposiopesis
apostolic,Apostle
apostolic,pope
apostolical,Apostle
apostolical,pope
apostrophic,apostrophe
apothecial,apothecium
apothegmatic,apothegm
apothegmatical,apothegm
appellant,appeal
appellate,appeal
appellative,noun
appendicular,appendage
appetitive,appetite
appointive,appointment
appositional,apposition
appositive,apposition
appropriative,appropriation
apsidal,apse
aptitudinal,aptitude
aquacultural,aquiculture
aquatic,water
aqueous,water
aquicultural,aquiculture
aquiferous,aquifer
araceous,Araceae
arachnidian,class_Arachnida
arachnoid,class_Arachnida
araneidal,order_Araneida
araneidan,order_Araneida
arbitral,arbitration
arbitrational,arbitration
arbitrative,arbitration
arborary,tree
arboreal,tree
arborical,tree
arborous,tree
archaeologic,archeology
archaeological,archeology
archaistic,archaism
archangelic,archangel
archangelical,archangel
archdiocesan,archdiocese
archducal,archduke
arched,arch
archegonial,archegonium
archegoniate,archegonium
archeologic,archeology
archeological,archeology
archepiscopal,archbishop
archesporial,archespore
archidiaconal,archdeacon
archiepiscopal,archbishop
archipelagic,archipelago
architectonic,tectonics
architectural,architecture
archival,archive
archosaurian,Archosauria
areal,area
arenicolous,sand
areolar,areola
areolate,areola
argentic,silver
argentous,silver
arithmetical,arithmetic
armillary,bracelet
armorial,arms
aroid,Araceae
aromatic,aromatic_compound
arsenious,arsenic
artefactual,artefact
arterial,artery
arteriolar,arteriole
arteriosclerotic,arteriosclerosis
arteriovenous,artery
arteriovenous,vein
arthralgic,arthralgia
arthromeric,arthromere
arthropodal,phylum_Arthropoda
arthropodan,phylum_Arthropoda
arthropodous,phylum_Arthropoda
arthrosporic,arthrospore
arthrosporous,arthrospore
articular,articulation
articulary,articulation
articulative,articulation
articulatory,articulation
artifactual,artefact
artiodactyl,order_Artiodactyla
artiodactylous,order_Artiodactyla
artistic,artist
arundinaceous,genus_Arundinaria
ascensional,ascension
ascetical,ascetic
ascitic,ascites
asclepiadaceous,Asclepiadaceae
ascocarpous,ascocarp
ascomycetous,ascomycete
ascosporic,ascospore
ascosporous,ascospore
aspectual,aspect
asphaltic,asphalt
asphyxiated,asphyxia
associational,association
associational,associationism
asteriated,asterism
asterismal,asterism
asteroidal,asteroid
astomatal,stoma
astragalar,astragal
astral,star
astrocytic,astrocyte
astrological,astrology
astronautic,astronaut
astronautic,astronautics
astronautical,astronaut
astronautical,astronautics
astronomic,astronomy
astronomical,astronomy
astrophysical,astrophysics
asymptotic,asymptote
asynergic,asynergy
atactic,ataxia
ataxic,ataxia
ateleiotic,ateleiosis
atheromatic,atheroma
atheromatous,atheroma
atherosclerotic,atherosclerosis
athletic,athletics
atmospheric,atmosphere
atmospherical,atmosphere
atomic,atom
atonalistic,atonalism
atonic,atonicity
atrial,atrium
atrioventricular,atrium
atrioventricular,ventricle
atrophic,atrophy
attentional,attention
attitudinal,attitude
attritional,attrition
auctorial,author
audile,hearing
audiometric,audiometry
audiovisual,audiovisual_aid
auditive,hearing
auditory,hearing
augitic,augite
aural,aura
aural,ear
auric,gold
auricular,auricle
auriculoventricular,auricle
auriculoventricular,ventricle
auroral,aurora
auroral,dawn
aurorean,dawn
aurous,gold
auscultatory,auscultation
austenitic,austenite
australopithecine,genus_Australopithecus
autacoidal,autacoid
autarchic,autocracy
autarchical,autocracy
autarkical,autocracy
authorial,author
autobiographic,autobiographer
autobiographic,autobiography
autobiographical,autobiographer
autobiographical,autobiography
autocatalytic,autocatalysis
autodidactic,autodidact
autogenetic,autogenesis
autographic,autograph
autoimmune,immune_response
autolytic,autolysis
automotive,automobile
autophytic,autophyte
autoplastic,autoplasty
autoradiographic,autoradiography
autosomal,autosome
autotelic,autotelism
autotomic,autotomy
autotrophic,autotroph
autotypic,autotype
auxetic,auxesis
auxinic,auxin
avellan,Corylus_avellana
avellane,Corylus_avellana
aversive,aversion
avian,bird
avifaunal,avifauna
avifaunistic,avifauna
avionic,avionics
avitaminotic,avitaminosis
avocational,avocation
avuncular,uncle
award-winning,win
axial,axis
axile,axis
axillary,armpit
axillary,axil
axiological,axiology
axiomatic,axiom
axiomatical,axiom
axonal,axon
azido,azido_group
azimuthal,azimuth
azo,azo_group
azotemic,azotemia
azotic,azote
baboonish,baboon
baccate,bacca
bacchantic,bacchant
bacillar,bacillus
bacillary,bacillus
back-channel,back_channel
bacteremic,bacteremia
bacterial,bacteria
bacterioid,bacteria
bacterioidal,bacteria
bacteriologic,bacteriology
bacteriological,bacteriology
bacteriolytic,bacteriolysis
bacteriophagic,bacteriophage
bacteriophagous,bacteriophage
bacteriostatic,bacteriostasis
bacteroid,bacteria
bacteroidal,bacteria
balletic,ballet
ballistic,ballistics
balsamic,balsam
balsamy,balsam
baptismal,baptism
bardic,bard
baric,barium
barographic,barograph
barometric,barometer
barometrical,barometer
baroque,Baroque
barytic,baryta
basaltic,basalt
basidial,basidium
basidiomycetous,basidiomycete
basidiosporous,basidiospore
basilar,base
basilary,base
basilican,basilica
basinal,basin
basophilic,basophilia
batholithic,batholith
batholitic,batholith
bathyal,bathyal_zone
bathymetric,bathymetry
bathymetrical,bathymetry
batrachian,Batrachia
bauxitic,bauxite
behavioral,behavior
behaviorist,behaviorism
behavioristic,behaviorism
behavioural,behavior
behaviourist,behaviorism
behaviouristic,behaviorism
belemnitic,belemnite
benedictive,benediction
benedictory,benediction
beneficiary,benefice
benevolent,benevolence
benthal,benthos
benthic,benthos
benthonic,benthos
bentonitic,bentonite
benzenoid,benzene
benzoic,benzoic_acid
benzoic,benzoin
benzylic,benzyl_group
berrylike,bacca
betulaceous,Betulaceae
biaxal,axis
biaxate,axis
biaxial,axis
biblical,Bible
bibliographic,bibliography
bibliographical,bibliography
bibliolatrous,bibliolatry
bibliomaniacal,bibliomania
bibliophilic,bibliophile
bibliopolic,bibliopole
bibliothecal,bibliotheca
bibliothecarial,bibliotheca
bibliothecarial,librarian
bibliotic,bibliotics
bicapsular,capsule
bichromated,bichromate
bicipital,biceps
bicylindrical,cylinder
bignoniaceous,Bignoniaceae
biliary,bile
biliary,gallbladder
bilious,bile
billiard,billiards
bimetallic,bimetallism
bimetallistic,bimetallism
bimillenial,bimillennium
bimolecular,molecule
binary,binary_numeration_system
binocular,eye
biocatalytic,biocatalyst
biochemical,biochemistry
bioclimatic,bioclimatology
biogenetic,biogenesis
biogenic,biology
biogenous,biogenesis
biogeographic,biogeography
biogeographical,biogeography
biographic,biography
biographical,biography
biologic,biology
biological,biology
biologistic,biologism
biomedical,biomedicine
bionic,bionics
bionomic,bionomics
bionomical,bionomics
biosynthetic,biosynthesis
biosystematic,biosystematics
biotic,life
biotitic,biotite
biotypic,biotype
bipolar,manic_depressive_illness
biquadratic,quartic
birefringent,birefringence
bisectional,bisection
bismuthal,bismuth
bismuthic,bismuth
bisontine,bison
bistered,bister
bistred,bister
bistroic,bistro
bitumenoid,bitumen
bituminoid,bitumen
bituminous,bitumen
bivalent,valence
bivariate,variable
bizonal,zone
black-and-white,achromaticity
bladderlike,bladder
bladdery,bladder
bladed,blade
blastemal,blastema
blastematic,blastema
blastemic,blastema
blastocoelic,blastocoel
blastodermatic,blastoderm
blastodermic,blastoderm
blastogenetic,blastogenesis
blastomeric,blastomere
blastomycotic,blastomycosis
blastoporal,blastopore
blastoporic,blastopore
blastospheric,blastosphere
blastular,blastula
bodily,body
bolographic,bolograph
bolometric,bolometer
bony,bone
boracic,boron
borated,borax
boreal,north
boreal,north_wind
boric,boron
boronic,boron
boskopoid,Boskop_man
botanic,botany
botanical,botany
botryoid,grape
botryoidal,grape
bottom-dwelling,bottom-dweller
bottom-feeding,bottom-feeder
botulinal,botulinus
boustrophedonic,boustrophedon
bovid,genus_Bos
bovine,genus_Bos
boytrose,grape
brachial,arm
brachiopod,phylum_Brachiopoda
brachiopodous,phylum_Brachiopoda
brachyurous,suborder_Brachyura
bracteal,bract
bracteate,bract
bracted,bract
bracteolate,bracteole
brahminic,brahmin
brahminical,brahmin
branchial,branchia
branchiopod,subclass_Branchiopoda
branchiopodan,subclass_Branchiopoda
branchiopodous,subclass_Branchiopoda
brasslike,brass
brassy,brass
brazen,brass
breech-loading,breechloader
bregmatic,bregma
bridal,bride
brimless,brim
brisant,brisance
broadband,frequency_band
broadband,network
bromic,bromine
bromidic,bromide
bronchial,bronchus
bronchiolar,bronchiole
bronchoscopic,bronchoscope
bryophytic,bryophyte
bubaline,buffalo
bubonic,bubo
buccal,cheek
bucolic,shepherd
budgetary,budget
bulbaceous,bulb
bulbar,bulb
bulbed,bulb
bulimic,bulimia
bungaloid,bungalow
bureaucratic,bureaucracy
bureaucratic,bureaucrat
burglarious,burglary
burrlike,burr
bursal,bursa
buteonine,genus_Buteo
butyraceous,butterfat
butyric,butyric_acid
cachectic,cachexia
cacodaemonic,cacodemon
cacodemonic,cacodemon
cacodylic,cacodyl_group
cacogenic,cacogenics
cadastral,cadastre
cadaveric,cadaver
cadaverous,cadaver
caducean,caduceus
caecal,cecum
caecilian,family_Caeciliidae
caesarean,n
caesarian,n
caesural,caesura
caffeinic,caffein
cairned,cairn
calcaneal,calcaneus
calcareous,calcium_carbonate
calceiform,calceus
calceolate,calceus
calcic,calcium
calciferous,calcium
calcific,calcification
calcitic,calcite
calculous,calculus
calendric,calendar
calendrical,calendar
calicular,calyculus
calisthenic,calisthenics
calligraphic,calligraphy
calligraphical,calligraphy
callithumpian,callithump
caloric,heat
caloric,nutritionist's_calorie
calorimetric,calorimetry
calyceal,calyx
calycinal,calyx
calycine,calyx
calycled,calyculus
calycular,calyculus
calyculate,calyculus
calyptrate,calypter
calyptrate,calyptra
cambial,cambium
campanular,campana
campanulate,campana
campanulated,campana
camphoraceous,camphor
camphoric,camphor
canalicular,canaliculus
canicular,Canicula
canicular,canicule
canine,Canidae
cannibalistic,cannibal
cannibalistic,cannibalism
canonic,canon
canonic,canon_law
canonical,canon
canonical,canon_law
canonist,canon
cantonal,Canton
capacitive,capacitance
capillary,hair
capitalist,capitalism
capitalistic,capitalism
capitular,chapter
capitulary,chapter
caprine,goat
capsular,capsule
carangid,Carangidae
carbocyclic,carbon
carbolated,carbolic_acid
carbonaceous,carbon
carbonic,carbon
carboniferous,Carboniferous
carboniferous,carbon
carbonous,carbon
carbonyl,carbonyl_group
carbonylic,carbonyl_group
carboxyl,carboxyl_group
carboxylic,carboxyl_group
carcinogenic,carcinoma
carcinomatous,carcinoma
cardiac,heart
cardiographic,cardiograph
cardiologic,cardiology
cardiopulmonary,heart
cardiopulmonary,lung
cardiorespiratory,heart
cardiorespiratory,respiration
cardiovascular,blood_vessel
carinal,carina
carnal,flesh
carnivorous,carnivore
carotid,carotid_artery
carpal,carpus
carpellary,carpel
carpetbag,carpetbagger
carposporic,carpospore
carposporous,carpospore
carroty,carrot
cartilaginous,cartilage
cartographic,cartography
cartographical,cartography
caruncular,caruncle
carunculate,caruncle
carunculated,caruncle
carunculous,caruncle
caryophyllaceous,Caryophyllaceae
cash-and-carry,cash
casuistic,casuistry
casuistical,casuistry
catabolic,catabolism
catachrestic,catachresis
catachrestical,catachresis
catalatic,catalase
cataleptic,catalepsy
catalytic,catalysis
cataphatic,cataphatism
cataphoretic,cataphoresis
cataplastic,cataplasia
catapultian,catapult
catapultic,catapult
catarrhal,catarrh
catatonic,catatonia
catechetic,catechesis
catechetic,catechism
catechetical,catechesis
catechismal,catechism
catechistic,catechism
categorial,category
categoric,category
categorical,category
cathectic,cathexis
cathedral,cathedra
cathodic,cathode
cationic,cation
catkinate,catkin
catoptric,catoptrics
catoptrical,catoptrics
caudal,tail
cecal,cecum
celebratory,celebration
celestial,Heaven
celestial,sky
celiac,abdominal_cavity
celiac,celiac_disease
cellular,cell
cellulosid,cellulose
cementitious,cement
cenobitic,cenobite
cenobitical,cenobite
cenogenetic,cenogenesis
censorial,censor
centenary,century
centennial,century
centesimal,hundredth
centigrade,centigrade_scale
centralist,centralization
centralistic,centralization
centroidal,centroid
centromeric,centromere
centrosomic,centrosome
cephalic,head
cephalopod,Cephalopoda
cephalopodan,Cephalopoda
cercarial,cercaria
cereal,grain
cerebellar,cerebellum
cerebral,cerebrum
cerebrospinal,brain
cerebrospinal,spinal_cord
cerebrovascular,blood_vessel
cerebrovascular,brain
ceremonious,ceremony
ceric,cerium
cerous,cerium
ceruminous,cerumen
cervical,cervix
cervical,neck
cervine,deer
cesarian,n
cetacean,Cetacea
cetaceous,Cetacea
chaetal,chaeta
chaetognathan,Chaetognatha
chaetognathous,Chaetognatha
chafflike,chaff
chaffy,chaff
chalky,calcium_carbonate
chalybeate,iron
chancroidal,chancroid
chancrous,chancre
chaotic,chaos
charitable,charity
chartaceous,paper
chauvinistic,chauvinist
chelate,chela
chelate,chelation
chelated,chelation
cheliceral,chelicera
chelicerate,chelicera
chelicerous,chelicera
cheliferous,chela
chelonian,Chelonia
chemic,chemistry
chemical,chemistry
chemiluminescent,chemiluminescence
chemoreceptive,chemoreceptor
chemotherapeutic,chemotherapy
chemotherapeutical,chemotherapy
cherty,chert
chiasmal,chiasma
chiasmatic,chiasma
chiasmic,chiasma
childbearing,childbirth
chimeral,Chimera
chimeric,Chimera
chimerical,Chimera
chiromantic,chiromancy
chirpy,chirp
chitinous,chitin
chlamydial,chlamydia
chlorophyllose,chlorophyll
chlorophyllous,chlorophyll
chlorotic,chlorosis
choleraic,cholera
choragic,choragus
choral,chorus
chordal,chord
chordate,Chordata
choreographic,choreography
choric,chorus
chorionic,chorion
chromatic,color
chromatinic,chromatin
chromatographic,chromatography
chromatographical,chromatography
chromosomal,chromosome
chronological,chronology
chylaceous,chyle
chylifactive,chyle
chylifactory,chyle
chyliferous,chyle
chylific,chyle
chylous,chyle
cilial,cilium
ciliary,ciliary_body
ciliary,cilium
ciliate,cilium
cinematic,cinema
cinerary,cinerarium
circadian,day
circulative,circulation
circulatory,circulation
circulatory,circulatory_system
cislunar,Moon
citric,citric_acid
citrous,citrus
civic,citizen
civic,city
civil,citizen
civil,state
clamatorial,Clamatores
classical,classics
classicistic,classicism
classificatory,classification
clausal,clause
cleistogamic,cleistogamy
cleistogamous,cleistogamy
clerical,clergy
clerical,clerk
client-server,computer_system
climatic,climate
climatical,climate
clinical,clinic
clitoral,clitoris
clitoric,clitoris
clonal,clone
clonic,clonus
closed-circuit,closed_circuit
cloven-footed,cloven_foot
cloven-hoofed,cloven_hoof
cloze,cloze_procedure
coastal,coast
coccal,coccus
coccygeal,coccyx
cochlear,cochlea
coeliac,abdominal_cavity
coenobitic,cenobite
coenobitical,cenobite
cogitative,cogitation
cognitive,cognition
coin-operated,coin_machine
coital,coitus
collagenic,collagen
collagenous,collagen
collarless,collar
collegial,colleague
collegial,college
collegiate,college
colloidal,colloid
colonial,colony
colonic,colon
colorectal,colon
colorectal,rectum
colorimetric,colorimetry
colorimetrical,colorimetry
comatose,coma
comb-like,comb
cometary,comet
cometic,comet
comic,comedy
commemorating,commemoration
commemorative,commemoration
commensal,commensalism
commercial,commerce
communal,commune
communicative,communication
communist,communism
communistic,communism
comparative,comparison
composite,family_Compositae
computational,computation
computational,computer
conceptualistic,conceptualism
concessive,concession
concretistic,concretism
condylar,condyle
cone-shaped,cone
conelike,cone
configurational,configuration
confrontational,confrontation
congeneric,congener
congenerical,congener
congenerous,congener
congestive,congestion
congregational,congregation
congressional,congress
conic,cone
conical,cone
conjugal,marriage
conjunctival,conjunctiva
connubial,marriage
consonantal,consonant
conspecific,species
conspirative,conspiracy
conspiratorial,conspiracy
constitutional,constitution
consubstantial,consubstantiation
consular,consul
consular,consulate
contextual,context
continental,Colony
contractual,contract
contrapuntal,counterpoint
copular,copula
copulatory,copulation
cordless,cord
coreferential,coreference
corinthian,Corinth
corinthian,Corinthian_order
cormose,corm
cormous,corm
corneal,cornea
coronary,corona
corporate,corporation
corporatist,corporatism
corpuscular,corpuscle
correlational,correlation
cortical,cortex
corvine,crow
corymbose,corymb
cosmic,cosmos
cosmogenic,cosmogeny
cosmogonic,cosmogony
cosmogonical,cosmogony
cosmologic,cosmology
cosmological,cosmology
costal,rib
counterinsurgent,counterinsurgency
counterrevolutionary,counterrevolution
counterterror,counterterrorism
counterterrorist,counterterrorism
covalent,covalence
cranial,cranium
craniometric,craniometry
craniometrical,craniometry
crease-resistant,crease
creaseproof,crease
credal,creed
creedal,creed
cretaceous,chalk
criminological,criminology
crinoid,Crinoidea
critical,criticism
cross-cultural,culture
cross-linguistic,language
cross-modal,modality
cross-ply,pneumatic_tire
cross-pollinating,cross-pollination
cross-sectional,cross_section
croupy,croup
cruciferous,Cruciferae
crural,crus
crustacean,Crustacea
crustaceous,Crustacea
crustaceous,crust
crustal,crust
crustose,crust
cryogenic,cryogen
cryonic,cryonics
cryptanalytic,cryptanalysis
cryptobiotic,cryptobiosis
cryptogamic,cryptogam
cryptogamous,cryptogam
cryptographic,cryptography
cryptographical,cryptography
cryptologic,cryptology
cryptological,cryptology
ctenoid,ctene
cubic,cube
cubist,cubism
cubistic,cubism
cubital,cubitus
cucurbitaceous,Cucurbitaceae
culinary,cuisine
cultural,culture
cuneiform,tarsal
cupric,copper
cuprous,copper
curatorial,curator
curricular,curriculum
custard-like,custard
cutaneal,cutis
cutaneous,cutis
cuticular,cuticle
cuticular,cuticula
cyanobacterial,Cyanophyceae
cyanophyte,Cyanophyta
cybernetic,cybernetics
cyclic,Carnot_cycle
cyclonal,cyclone
cyclonic,cyclone
cyclonical,cyclone
cyclopean,Cyclops
cyclothymic,cyclothymia
cyprinid,Cyprinidae
cyprinoid,Cyprinidae
cystic,cyst
cytoarchitectonic,cytoarchitectonics
cytoarchitectural,cytoarchitecture
cytogenetic,cytogenetics
cytogenetical,cytogenetics
cytokinetic,cytokinesis
cytologic,cytology
cytological,cytology
cytolytic,cytolysis
cytophotometric,cytophotometry
cytoplasmatic,cytoplasm
cytoplasmic,cytoplasm
cytoplastic,cytoplast
cytotoxic,cytotoxin
czarist,czar
czaristic,czar
dacitic,dacite
dactylic,dactyl
daisylike,daisy
damascene,Damascus
declarative,declarative_mood
deconstructionist,deconstructionism
deductive,deduction
defervescent,defervescence
deformational,deformation
deictic,deixis
deist,deism
deistic,deism
deliverable,delivery
demagogic,demagogue
demagogical,demagogue
demographic,demography
demoniac,demon
dendritic,dendrite
denominational,denomination
dental,dentistry
dental,tooth
departmental,department
dermal,cuticle
dermal,cutis
dermal,dermis
dermatologic,dermatology
dermatological,dermatology
dermic,dermis
despotic,despot
despotical,despot
developmental,development
diabetic,diabetes
diagnostic,diagnosis
diagonalizable,diagonal_matrix
dialectal,dialect
dialectical,dialectic
diamagnetic,diamagnetism
diamantine,diamond
diametral,diameter
diametric,diameter
diametrical,diameter
diaphoretic,diaphoresis
diaphyseal,diaphysis
diaphysial,diaphysis
diastolic,diastole
diatomic,atom
diazo,diazonium
dicarboxylic,carboxyl
dichromatic,dichromatism
dictatorial,dictator
dictyopteran,Dictyoptera
dietary,diet
dietetic,diet
dietetical,diet
differentiable,differential_coefficient
differential,difference
differential,differentiation
digestive,digestion
digital,digit
diluvial,deluge
diluvian,deluge
dimensional,dimension
dimorphic,dimorphism
dimorphous,dimorphism
diocesan,diocese
diplomatic,diplomacy
dipolar,dipole
dipterous,Diptera
directional,direction
disciplinary,discipline
discomycetous,discomycete
distributional,distribution
dithyrambic,dithyramb
divalent,valence
divisional,division
doctoral,doctor
doctoral,doctorate
doctorial,doctor
doctorial,doctorate
doctrinal,doctrine
documental,document
documentary,document
dogmatic,dogma
dolomitic,dolomite
domestic,home
domiciliary,domicile
dominical,Jesus
dominical,Sunday
doric,Doric_order
double-humped,hump
dramatic,drama
dramaturgic,dramaturgy
dramaturgical,dramaturgy
drupaceous,drupe
dualistic,dualism
ducal,duke
ductless,duct
dumpy,dump
duodenal,duodenum
dural,dura_mater
dyadic,n
dynamic,dynamics
dynastic,dynasty
dysgenic,dysgenics
dyslexic,dyslexia
dysplastic,dysplasia
dystopian,dystopia
earthen,earth
earthy,earth
ebracteate,bract
ecclesiastic,church
ecclesiastical,church
ecologic,ecology
ecological,ecology
econometric,econometrics
economic,economics
economic,economy
economical,economy
ectodermal,ectoderm
ectodermic,ectoderm
ectopic,ectopia
ectozoan,ectozoon
editorial,editor
educational,education
electoral,election
electric,electricity
electrical,electricity
electrocardiographic,electrocardiograph
electrochemical,electrochemistry
electroencephalographic,electroencephalograph
electrolytic,electrolysis
electrolytic,electrolytic_capacitor
electromagnetic,electromagnetism
electromechanical,electromechanical_device
electromotive,electric_current
electron_microscopic,electron_microscopy
electronic,electron
electronic,electronics
electrophoretic,electrophoresis
electrostatic,static_electricity
elegiac,elegy
elemental,element
elemental,elements
elementary,elementary_school
elfin,elf
elocutionary,elocution
elysian,Elysium
embolic,embolism
embolic,embolus
emotional,emotion
emphysematous,emphysema
empiric,quackery
empirical,quackery
empyreal,empyrean
emulous,emulation
encysted,cyst
endermatic,skin
endermic,skin
endocrinal,endocrine_gland
endocrine,endocrine_gland
endodontic,endodontics
endogenous,endogen
endometrial,endometrium
endoparasitic,endoparasite
endoscopic,endoscopy
endothelial,endothelium
endovenous,vein
enolic,enol
enteral,enteron
enteral,intestine
enteric,enteron
enteric,intestine
entomologic,entomology
entomological,entomology
entozoan,entozoon
entrepreneurial,entrepreneur
environmental,ecology
environmental,environment
enzymatic,enzyme
eolithic,Eolithic_Age
eonian,eon
eosinophilic,eosinophil
eparchial,eparchy
epenthetic,epenthesis
epical,epic
epicanthic,epicanthus
epicarpal,epicarp
epicyclic,epicycle
epicyclical,epicycle
epidemiologic,epidemiology
epidemiological,epidemiology
epidermal,cuticle
epidermic,cuticle
epidural,dura_mater
epigastric,abdominal_wall
epigastric,epigastrium
epileptic,epilepsy
epilithic,stone
epiphyseal,epiphysis
epiphysial,epiphysis
epiphytic,epiphyte
episcopal,bishop
epistemic,epistemology
epistemological,epistemology
epithelial,epithelium
epitheliod,epithelium
epizoan,epizoon
eponymic,eponym
eponymous,eponym
equatorial,equator
equestrian,horseback_riding
equestrian,knight
equine,Equidae
equine,horse
equinoctial,equator
equinoctial,equinox
eremitic,eremite
eremitical,eremite
ergonomic,ergonomics
ergotic,ergot
ergotropic,ergotropism
eruptive,eruption
erythematous,erythema
erythroid,erythrocyte
erythropoietic,erythropoiesis
eschatological,eschatology
esophageal,esophagus
essential,essence
esthetic,esthetics
estrogenic,estrogen
estuarial,estuary
estuarine,estuary
ethereal,ether
ethical,ethics
ethnocentric,ethnocentrism
ethnographic,ethnography
ethnographical,ethnography
ethnologic,ethnology
ethnological,ethnology
etiologic,etiology
etiological,etiology
etymological,etymology
eucaryotic,eukaryote
euclidean,Euclid
euclidian,Euclid
eudaemonic,eudemonism
eudemonic,eudemonism
eugenic,eugenics
eukaryotic,eukaryote
euphonic,euphony
euphonical,euphony
eutherian,Eutheria
eutrophic,eutrophication
evangelical,Gospel
evangelical,evangelicalism
evangelistic,evangelism
evaporative,evaporation
even-toed,order_Artiodactyla
evidentiary,evidence
evolutionary,evolution
excrescent,growth
excretory,excretion
executive,execution
exegetic,exegesis
exegetical,exegesis
exilic,exile
existential,existence
existential,existentialism
existentialist,existentialism
exocrine,exocrine_gland
exodontic,exodontics
expansionist,expansionism
experiential,experience
experimental,experiment
expiative,expiation
expiatory,expiation
expiratory,expiration
exponential,exponent
expressionist,expressionism
expressionistic,expressionism
exteroceptive,exteroception
extracellular,cell
extradural,dura_mater
extragalactic,galaxy
extralinguistic,language
extrasystolic,extrasystole
extraterrestrial,Earth
extropic,extropy
exuvial,exuviae
facial,face
factor_analytic,factor_analysis
factor_analytical,factor_analysis
factual,fact
facultative,faculty
faecal,feces
falconine,falcon
familial,family
fanged,fang
fascist,fascism
fascistic,fascism
fatalist,fatalism
fatalistic,fatalism
faucal,fauces
febrile,fever
fecal,faeces
federal,federal_government
feline,cat
feminist,feminism
femoral,femur
femoral,thigh
fenestral,fenestra
fenestral,window
ferial,feria
fermentable,fermentation
ferric,iron
ferromagnetic,ferromagnetism
ferrous,iron
fetal,fetus
feudal,feudalism
feudalistic,feudalism
feudatory,fealty
feverish,fever
fiber-optic,fiber_optics
fiberoptic,fiberoptics
fibre-optic,fibre_optics
fibreoptic,fibreoptics
fibrillose,fibril
fibrinous,fibrin
fibrocartilaginous,fibrocartilage
fictile,pottery
fictional,fiction
fiducial,standard
fiducial,trust
fiduciary,trust
field-crop,field_crop
filar,filament
filarial,filaria
filariid,family_Filariidae
filial,offspring
financial,finance
firmamental,firmament
fiscal,finance
fisheye,fisheye_lens
fishy,fish
fistulous,fistula
flagellate,flagellum
flagellated,flagellum
flakey,flake
flaky,flake
fleshy,flesh
flinty,flint
floral,flora
floral,flower
floricultural,floriculture
flowery,flower
fluvial,river
focal,focus
foetal,fetus
foliaceous,leaf
foliate,foliage
foliated,foliage
follicular,follicle
forcipate,forceps
formalised,formalism
formalistic,formalism
formalized,formalism
formic,ant
formic,formic_acid
formulary,formula
fossiliferous,fossil
four-wheel,wheel
four-wheeled,wheel
fourhanded,card_game
fraternal,brotherhood
fretted,fret
frictional,friction
frictionless,friction
frontal,front
fugal,fugue
functional,function
fundamentalist,fundamentalism
fundamentalistic,fundamentalism
funerary,funeral
fungal,fungus
fungicidal,fungicide
fungoid,fungus
fungous,fungus
funguslike,fungus
funicular,cable
futurist,futurism
futuristic,futurism
galactic,galaxy
gallinaceous,gallinacean
galvanic,galvanism
garlicky,garlic
gastric,stomach
gastroduodenal,duodenum
gastroduodenal,stomach
gastroesophageal,esophagus
gastroesophageal,stomach
gastrointestinal,gastrointestinal_tract
gastronomic,gastronomy
gastronomical,gastronomy
gemmiferous,gemma
genealogic,genealogy
genealogical,genealogy
generational,generation
generic,genus
genetic,gene
genetic,genetics
genetic,origin
genetical,gene
genial,chin
genic,gene
genital,genitals
genitive,genitive_case
genitourinary,genital_organ
genitourinary,urinary_organ
genotypic,genotype
genotypical,genotype
geodesic,geodesy
geodesical,geodesy
geodetic,geodesy
geographic,geography
geographical,geography
geologic,geology
geological,geology
geometric,geometry
geometrical,geometry
geomorphologic,geomorphology
geomorphological,geomorphology
geophysical,geophysics
geophytic,geophyte
geopolitical,geopolitics
geostrategic,geostrategy
geothermal,heat
geothermic,heat
geriatric,aged
geriatric,geriatrics
gerontological,geriatrics
gerundial,gerund
gestational,gestation
gingival,gingiva
glabellar,glabella
glacial,glacier
gladiatorial,gladiator
glandular,gland
glial,glia
glomerular,glomerulus
glossopharyngeal,throat
glossopharyngeal,tongue
glottal,glottis
glottochronological,glottochronology
gluteal,gluteus
glycogenic,glycogen
gnomic,gnome
gonadal,gonad
gonadotrophic,gonadotrophin
gonadotropic,gonadotropin
grammatic,grammar
grammatical,grammar
granuliferous,granule
granulocytic,granulocyte
granulomatous,granuloma
grapelike,grape
graphic,graph
graphic,graphics
graphical,graph
gravimetric,hydrometry
gravitational,gravitation
gravitative,gravity
green,Green_Party
greenhouse,greenhouse_effect
greensick,greensickness
greenside,green
growing,growth
grubby,grub
gubernatorial,governor
gustative,taste
gustatorial,taste
gustatory,taste
guttural,throat
gymnastic,gymnastics
gymnosophical,gymnosophy
gymnospermous,Gymnospermae
gynaecological,gynecology
gynecologic,gynecology
gynecological,gynecology
gyral,gyrus
gyroscopic,gyroscope
hadal,seabed
haemal,blood_vessel
haematal,blood_vessel
haematic,blood
haematogenic,haematogenesis
haematological,hematology
haematopoietic,haematopoiesis
haemic,blood
haemolytic,hemolysis
haemophilic,hemophilia
haemopoietic,haemopoiesis
haemorrhagic,haemorrhage
hair-shirt,hair_shirt
hair-shirted,hair_shirt
haptic,touch
harmonic,harmonics
harmonic,harmony
heathlike,heath
heavenly,Heaven
heavenly,sky
heliac,sun
heliacal,sun
hemal,blood_vessel
hematal,blood_vessel
hematic,blood
hematogenic,hematogenesis
hematologic,hematology
hematological,hematology
hematopoietic,hematopoiesis
hemic,blood
hemiparasitic,hemiparasite
hemispheric,hemisphere
hemispherical,hemisphere
hemodynamic,hemodynamics
hemolytic,hemolysis
hemophilic,hemophilia
hemopoietic,hemopoiesis
hemorrhagic,hemorrhage
hepatic,liver
heraldic,heraldry
heraldist,heraldry
herbal,herb
hermeneutic,hermeneutics
heroic,hero
heterodyne,beat
heterosporous,heterospory
hex,hexadecimal_number_system
hexadecimal,hexadecimal_number_system
hexagonal,hexagon
hexangular,hexagon
hidrotic,sweat
hieratic,priesthood
hieratical,priesthood
hieroglyphic,hieroglyph
hieroglyphical,hieroglyph
high-energy,energy
hilar,hilum
hiplength,hipline
hircine,goat
histologic,histology
histological,histology
historical,history
holographic,holograph
holographic,holography
holographical,holograph
homeopathic,homeopathy
homeostatic,homeostasis
homiletic,homiletics
homiletic,homily
homiletical,homiletics
homiletical,homily
homonymic,homonym
homonymous,homonym
homophonous,homophone
homosporous,homospory
homostyled,style
homostylic,style
homostylous,style
hooflike,hoof
horary,hour
hormonal,hormone
horse-drawn,horse
horticultural,horticulture
human,humanity
humane,humanities
humanist,humanism
humanist,humanities
humanistic,humanism
humanistic,humanities
humanitarian,humanitarianism
humic,humus
humified,humus
humoral,humor
hyaloplasmic,hyaloplasm
hydraulic,hydraulics
hydraulic,water
hydrocephalic,hydrocephalus
hydrodynamic,hydrodynamics
hydroelectric,hydroelectricity
hydrographic,hydrography
hydrographical,hydrography
hydrokinetic,hydrokinetics
hydrolyzable,hydrolysis
hydrometric,hydrometry
hydropathic,hydropathy
hydroponic,aquiculture
hydrostatic,hydrostatics
hydroxy,hydroxyl
hymenal,hymen
hymeneal,marriage
hymeneal,wedding
hymenopterous,Hymenoptera
hyoid,hyoid_bone
hyperbolic,hyperbola
hyperemic,hyperemia
hyperthermal,hyperthermia
hypnotic,hypnosis
hypodermal,hypodermis
hypodermic,skin
hypoglycaemic,hypoglycaemia
hypoglycemic,hypoglycemia
hypophyseal,hypophysis
hypophysial,hypophysis
hypothalamic,hypothalamus
hypothermic,hypothermia
hypovolaemic,hypovolaemia
hypovolemic,hypovolemia
iambic,iamb
ichorous,ichor
iconic,icon
icosahedral,icosahedron
ictal,ictus
icterogenic,icterus
ictic,ictus
ideal,idealism
idealistic,idealism
ideographic,ideograph
ideological,ideology
idiomatic,idiom
idiomatical,idiom
idiopathic,idiopathy
idolatrous,idolatry
igneous,heat
iliac,ilium
illative,inference
immune,immunity
immunochemical,immunochemistry
immunocompromised,immunological_disorder
immunologic,immunology
immunological,immunology
immunosuppressed,immunosuppression
immunosuppressive,immunosuppression
immunotherapeutic,immunotherapy
imperative,imperative_mood
imperial,British_Imperial_System
imperial,emperor
imperial,empire
imperialist,imperialism
imperialistic,imperialism
impetiginous,impetigo
implicational,implication
impressionist,Impressionism
impressionistic,Impressionism
impressionistic,impression
incendiary,arson
incestuous,incest
incestuous,intimacy
incident,incidence
indexical,index
indexless,index
indicative,indicative_mood
inductive,inductance
indusial,indusium
industrial,industry
inertial,inertia
infantile,infancy
infectious,infection
inferential,inference
infernal,inferno
infinitival,infinitive
informational,information
inframaxillary,mandible
inguinal,inguen
inhalant,inhalation
ink-jet,ink-jet_printer
inquisitorial,inquisitor
inscriptive,inscription
insectan,insect
insecticidal,insecticide
inspiratory,inhalation
institutional,institution
instructional,instruction
instrumental,musical_instrument
insular,island
insurrectional,insurrection
insurrectionary,insurrection
integral,integer
integumental,integument
integumentary,integument
intensive,intensifier
intercellular,cell
intercostal,rib
interdepartmental,department
interdisciplinary,discipline
interest-bearing,interest
interfacial,interface
intergalactic,galaxy
interlineal,line
interlinear,line
interlocutory,dialogue
intermolecular,molecule
interoceptive,interoception
interplanetary,planet
interrogative,interrogative_mood
interstellar,star
interstitial,interstice
intertidal,littoral
intertribal,tribe
intervertebral,vertebra
intestinal,intestine
intimal,intima
intracellular,cell
intracerebral,cerebrum
intracutaneous,skin
intradepartmental,department
intradermal,skin
intradermic,skin
intralinguistic,language
intramolecular,molecule
intramuscular,muscle
intrapulmonary,lung
intravenous,vein
intraventricular,ventricle
intuitionist,intuitionism
invitational,invitation
involucrate,involucre
iodinated,iodine
iodised,iodine
iodized,iodine
ionic,ion
iridaceous,Iridaceae
iridic,iridium
iridic,iris
iritic,iris
irrational,ratio
ischaemic,ischaemia
ischemic,ischemia
isentropic,entropy
isolationist,isolationism
isolationistic,isolationism
isomeric,isomerism
isometric,isometry
isomorphic,isomorphism
isomorphous,isomorphism
isopteran,Isoptera
isothermic,isotherm
isotonic,tone
isotopic,isotope
isthmian,isthmus
jet-propelled,jet_propulsion
jihadi,jihad
jittery,jitter
journalistic,journalism
judicial,judge
judicial,justice
jugular,neck
jumentous,jument
juridic,justice
juridic,law
juridical,justice
juridical,law
jurisprudential,jurisprudence
juvenile,youth
karyokinetic,karyokinesis
katabolic,catabolism
katharobic,katharobe
kinaesthetic,kinesthesis
kinesthetic,kinesthesis
kinetic,kinetics
knee-length,knee
labial,labium
labial,lip
labyrinthine,labyrinth
lacertilian,lizard
lachrymal,lacrimal_gland
lachrymal,tear
lachrymatory,tear
lacrimal,lacrimal_gland
lacrimal,tear
lacrimatory,tear
lacteal,milk
lactic,milk
lactogenic,lactogen
lacustrine,lake
laniary,canine
lapidary,gemstone
large-cap,market_capitalization
large-capitalisation,market_capitalisation
large-capitalization,market_capitalization
larval,larva
laryngeal,larynx
laryngopharyngeal,larynx
laryngopharyngeal,pharynx
lash-like,lash
lathery,lather
latinate,Latin
latitudinal,latitude
leaden,lead
legal,law
legislative,legislation
legislative,legislature
leguminous,legume
lenten,Lent
leonine,lion
leprous,leprosy
lexical,lexicon
lexical,word
lexicalised,lexicalization
lexicalized,lexicalization
lexicographic,lexicography
lexicographical,lexicography
lexicostatistic,lexicostatistics
libidinal,libido
lienal,lien
life-support,life-support_system
liliaceous,Liliaceae
limacine,slug
limacoid,slug
limbic,limbus
limnological,limnology
lingual,language
lingual,tongue
linguistic,language
linguistic,linguistics
literary,literature
lithic,lithium
lithic,stone
lithographic,lithography
lithomantic,lithomancy
lithophytic,lithophyte
litigious,litigation
liturgical,liturgy
lobar,lobe
lobate,lobe
lobated,lobe
lobeliaceous,Lobeliaceae
lobular,lobule
local,locality
locker-room,locker_room
locomotive,locomotion
locomotor,locomotion
logarithmic,logarithm
logistic,logistics
logistical,logistics
logogrammatic,logogram
logographic,logograph
long-chain,long_chain
long-distance,long_distance
longitudinal,longitude
loopy,loop
lucifugal,phototropism
lucifugous,phototropism
lumbar,loin
lunar,Moon
lung-like,lung
lunisolar,Moon
lunisolar,sun
lupine,wolf
luteal,corpus_luteum
lymphatic,lymph
lymphocytic,lymphocyte
lymphoid,lymph
lyric,opera
lysogenic,lysis
lysogenic,lysogeny
macaronic,Latin
macaronic,vernacular
macerative,maceration
machine_readable,machine_code
macrencephalic,macrencephaly
macrencephalous,macrencephaly
macrobiotic,macrobiotics
macrocephalic,macrocephaly
macrocephalous,macrocephaly
macrocosmic,macrocosm
macroeconomic,macroeconomics
macromolecular,macromolecule
magisterial,magistrate
magnetic,magnetism
malarial,malaria
mammalian,Mammalia
mammary,mamma
managerial,management
mandibular,mandible
mandibulate,mandible
mandibulofacial,face
manorial,manor
manual,hand
marine,Marine_Corps
marine,navigation
marine,sea
marital,marriage
maritime,navigation
marly,marl
marmoreal,marble
marmorean,marble
married,marriage
marsupial,marsupium
mass-spectrometric,mass_spectrometer
mass_spectroscopic,mass_spectroscopy
masted,mast
mastoid,nipple
maternal,mother
mathematical,mathematics
matrimonial,marriage
maturational,maturation
matutinal,morning
maxillary,maxilla
maxillodental,maxilla
maxillofacial,face
maxillomandibular,jaw
mayoral,mayor
mealy,meal
mechanical,machinery
mechanical,mechanics
mechanically_skillful,machinery
mechanistic,mechanism
mecopterous,mecopteran
mediaeval,Middle_Ages
mediatorial,mediator
mediatory,mediation
medical,medicine
medicolegal,law
medicolegal,medicine
medieval,Middle_Ages
medullary,marrow
medullary,medulla
medullated,medulla
medusoid,medusa
megakaryocytic,megakaryocyte
megalithic,megalith
megaloblastic,megaloblast
meiotic,meiosis
melodic,melody
membranous,membrane
meningeal,meninges
menopausal,menopause
mensal,dining_table
menstrual,menstruation
mensural,measure
mental,mentum
mental,mind
mentholated,menthol
mercantile,mercantilism
mercuric,mercury
mercurous,mercury
meretricious,prostitute
meridian,noon
meridional,meridian
meritocratic,meritocracy
mesenteric,mesentery
mesic,meson
mesoblastic,mesoderm
mesodermal,mesoderm
mesolithic,Mesolithic_Age
mesonic,meson
messianic,messiah
metabolic,metabolism
metacarpal,metacarpus
metacentric,centromere
metacentric,metacenter
metallurgic,metallurgy
metallurgical,metallurgy
metamorphic,metamorphosis
metamorphous,metamorphosis
metaphysical,metaphysics
metastable,metastability
metastatic,metastasis
metatarsal,metatarsus
meteoric,meteoroid
meteoric,meteorology
meteoritic,meteorite
meteoritical,meteorite
meteorologic,meteorology
meteorological,meteorology
methodological,methodology
methylated,methyl
metric,meter
metrical,meter
metrological,metrology
metropolitan,metropolis
micaceous,mica
microbial,microbe
microbic,microbe
microcephalic,microcephaly
microcephalous,microcephaly
microcosmic,microcosm
microeconomic,microeconomics
microelectronic,microelectronics
micrometeoric,micrometeorite
micrometeoritic,micrometeorite
micropylar,micropyle
microscopic,microscopy
microscopical,microscopy
microsomal,microsome
migrational,migration
milch,milk
military,military_science
millenarian,millennium
millenary,millennium
millenary,thousand
millennial,millennium
millennian,millennium
minimalist,minimalism
ministerial,minister
minty,mint
miotic,miotic_drug
missional,mission
missionary,mission
mithraic,Mithraism
mithraistic,Mithraism
mitotic,mitosis
mitral,miter
mitral,mitral_valve
mnemonic,mnemonics
mnemotechnic,mnemonics
mnemotechnical,mnemonics
modal,mode
molal,mole
molar,mole
molecular,molecule
monatomic,atom
moneran,Monera
monetary,money
mongoloid,Mongol
mongoloid,mongolism
monistic,monism
monoatomic,atom
monocarboxylic,carboxyl
monocarpic,monocarp
monochromatic,monochromatism
monoclonal,clone
monometallic,metal
monotypic,monotype
montane,mountain
monumental,monument
moraceous,Moraceae
morbilliform,morbilli
morphemic,morpheme
morphologic,morphology
morphological,morphology
morphophonemic,morphophonemics
mortuary,death
mortuary,funeral
most-favored-nation,commercial_treaty
motional,motion
motivational,motivation
mousey,mouse
mousy,mouse
muciferous,mucus
mucinoid,mucin
mucinous,mucin
mucocutaneous,mucous_membrane
mucocutaneous,skin
mucoid,mucus
mucoidal,mucus
mucopurulent,mucus
mucopurulent,pus
mucosal,mucosa
mucose,mucus
mucous,mucus
mud-brick,mud_brick
multicultural,multiculturalism
multilevel,floor
multinucleate,nucleus
multiphase,phase
municipal,municipality
mural,wall
murine,family_Muridae
muscular,muscle
musculoskeletal,muscle
musculoskeletal,skeleton
musical,music
musicological,musicology
mutafacient,mutagen
mutagenic,mutagen
mutant,mutation
mutational,mutation
mutative,mutation
muzzle-loading,gun_muzzle
myalgic,myalgia
myelic,spinal_cord
myelinated,myelin
myelinic,myelin
myeloid,bone_marrow
myeloid,spinal_cord
myocardial,myocardium
myoid,muscle
myopathic,myopathy
myotic,myotic_drug
myotonic,myotonia
myrmecophytic,myrmecophyte
mystic,mysticism
mystical,mysticism
mythic,myth
nacreous,nacre
nanocephalic,nanocephaly
narcoleptic,narcolepsy
narial,naris
nasal,nose
nasopharyngeal,nasopharynx
natal,birth
natal,nates
national,nation
national,nationality
national_socialist,socialism
nativist,nativism
nativistic,nativism
natriuretic,natriuresis
naturistic,naturism
nautical,navigation
naval,navy
navigational,navigation
nebular,nebula
nebulous,nebula
necromantic,necromancy
necromantical,necromancy
necrotic,necrosis
nectar-rich,nectar
nectariferous,nectary
neo-Darwinian,neo-Darwinism
neo-Lamarckian,Neo-Lamarckism
neoclassicist,neoclassicism
neoclassicistic,neoclassicism
neocortical,neocortex
neolithic,Neolithic_Age
neonatal,neonate
neoplastic,neoplasm
neotenic,neoteny
neotenous,neoteny
nephritic,kidney
nephritic,nephritis
neritic,neritic_zone
nervous,nervous_system
neural,nervous_system
neural,neuron
neuralgic,neuralgia
neurasthenic,neurasthenia
neuroanatomic,neuroanatomy
neuroanatomical,neuroanatomy
neurobiological,neurobiology
neuroendocrine,endocrine_system
neuroendocrine,nervous_system
neurogenic,nervous_tissue
neuroglial,neuroglia
neurologic,neurology
neurological,neurology
neuromatous,neuroma
neuromuscular,muscle
neuromuscular,nerve
neuronal,neuron
neuronic,neuron
neurophysiological,neurophysiology
neuropsychiatric,neuropsychiatry
neuropsychological,neuropsychology
neurotic,neurosis
neurotoxic,neurotoxin
neurotropic,neurotropism
nihilistic,nihilism
nilpotent,zero
nitric,nitrogen
nitrogen-fixing,nitrogen_fixation
nitrogenous,nitrogen
nitrous,nitrogen
nocturnal,night
nodular,nodule
nominal,name
nominal,noun
nominalistic,nominalism
non-metric,meter
noncaloric,nutritionist's_calorie
nonenzymatic,enzyme
nonfictional,nonfiction
nonfinancial,finance
nonharmonic,harmony
nonionic,ion
nonlexical,word
nonlinguistic,language
nonparametric,nonparametric_statistic
nonpasserine,passerine
nonphotosynthetic,photosynthesis
nonruminant,Ruminantia
nonspatial,space
nonspherical,sphere
nonsteroidal,nonsteroid
nonsuppurative,suppuration
nonsurgical,surgery
nonthermal,heat
nontranslational,translation
normative,norm
nosocomial,hospital
nosohusial,healthcare
nuclear,nucleus
nucleate,nucleus
nucleated,nucleus
numeral,number
numeric,number
numerical,number
numerological,numerology
numinous,numen
nuptial,wedding
nutritional,nutrition
nutritionary,nutrition
oaten,oat
objective,objective_case
obligational,obligation
obstetric,obstetrics
obstetrical,obstetrics
occipital,occiput
occlusive,occlusion
occupational,occupation
oceanic,ocean
ocellated,ocellus
octagonal,octagon
octal,octal_numeration_system
octangular,octagon
ocular,eye
ocular,sight
official,office
ohmic,ohm
oleaceous,Oleaceae
olfactive,smell
olfactory,smell
oligarchic,oligarchy
oligarchical,oligarchy
omissive,omission
omnidirectional,direction
on-the-job,job
oncologic,oncology
oncological,oncology
one-humped,hump
oneiric,dream
onomastic,onomastics
onomatopoeic,onomatopoeia
onomatopoetic,onomatopoeia
ontogenetic,ontogeny
ontological,ontology
open-hearth,open-hearth_furnace
open-source,source_code
operatic,opera
operational,operation
operationalist,operationalism
operculate,operculum
operculated,operculum
ophthalmic,eye
ophthalmic,ophthalmology
optative,optative_mood
optative,option
optic,eye
optic,sight
optical,eye
optical,optics
optical,sight
oracular,oracle
oral,mouth
orb-weaving,orb-weaver
orbital,orbit
orchestral,orchestra
orchestrated,orchestra
ordinal,order
organicistic,organicism
organisational,organisation
organismal,organism
organismic,organism
organizational,organization
ornithological,ornithology
oropharyngeal,oropharynx
orthodontic,orthodontics
orthographic,orthography
orthopaedic,orthopedics
orthopedic,orthopedics
orthopedical,orthopedics
orthoptic,binocular_vision
oscine,oscine_bird
osmotic,osmosis
osseous,bone
ossicular,ossicle
ossiculate,ossicle
ossiferous,bone
osteal,bone
otic,ear
outdoor,outdoors
ovarian,ovary
ovine,sheep
ovular,ovule
ovular,ovum
oxalic,oxalic_acid
pachydermal,pachyderm
pachydermatous,pachyderm
pachydermic,pachyderm
pachydermous,pachyderm
packable,pack
paediatric,paediatrics
palaeolithic,Stone_Age
palaeontological,palaeontology
palatal,palate
palatial,palace
palatine,palace
palatine,palate
palatoglossal,glossa
palatoglossal,palate
paleoanthropological,paleoanthropology
paleocortical,paleocortex
paleolithic,Paleolithic_Age
paleontological,paleontology
palingenetic,palingenesis
palmar,palm
palmar,sole
palpatory,palpation
palpebrate,palpebra
pancreatic,pancreas
panicled,panicle
paniculate,panicle
pantheist,pantheism
pantheistic,pantheism
papal,pope
paperlike,paper
papery,paper
papillary,papilla
papillate,papilla
papilliform,papilla
papillose,papilla
parabolic,parable
parabolical,parable
paradigmatic,paradigm
paralytic,paralysis
paralytical,paralysis
paramagnetic,paramagnet
paramedical,paramedic
parametric,parameter
paranasal,nasal_cavity
parasitic,epenthesis
parasitic,parasite
parasitical,parasite
parasympathetic,parasympathetic_nervous_system
parasympathomimetic,parasympathetic_nervous_system
parental,parent
parenteral,alimentary_canal
parheliacal,parhelion
parhelic,parhelion
parietal,parietal_bone
parliamentary,parliament
parochial,parish
parotid,parotid_gland
parous,parity
paroxysmal,paroxysm
participial,participle
particularistic,particularism
partitive,part
partitive,partition
parturient,parturition
paschal,Pasch
pastoral,pastor
pastoral,shepherd
patellar,patella
paternal,father
pathologic,pathology
pathological,pathology
patriarchal,patriarch
patristic,Church_Father
patristical,Church_Father
peaty,peat
pectic,pectin
pectineal,pubis
pectoral,chest
pecuniary,money
pedagogic,pedagogy
pedagogical,pedagogy
pedal,vertebrate_foot
pediatric,pediatrics
pelagic,sea
pelvic,pelvis
pemphigous,pemphigus
penal,punishment
penial,penis
penicillin-resistant,penicillin
penile,penis
peninsular,peninsula
pentagonal,pentagon
pentangular,pentagon
pentatonic,pentatonic_scale
pentavalent,valence
pentecostal,Pentecost
pentecostal,Pentecostal_religion
penumbral,penumbra
peptic,digestion
perceptive,perception
perceptual,perception
percussive,percussion
percutaneous,skin
perianal,anus
pericardiac,pericardium
pericardial,pericardium
perigonal,perigone
perinasal,nose
perineal,perineum
periodontal,periodontics
periodontic,periodontics
peripatetic,Aristotle
perirhinal,nose
perithelial,perithelium
peritoneal,peritoneum
peroneal,fibula
personal,person
personal,personality
petaloid,petal
phagocytic,phagocyte
phalangeal,phalanx
phallic,phallus
pharmaceutic,pharmaceutics
pharmaceutic,pharmacist
pharmaceutical,pharmaceutics
pharmaceutical,pharmacist
pharmacologic,pharmacology
pharmacological,pharmacology
pharyngeal,pharynx
phenomenal,phenomenon
phenotypic,phenotype
phenotypical,phenotype
philanthropic,philanthropy
philatelic,philately
philatelical,philately
philharmonic,orchestra
philhellenic,philhellene
philological,philology
philosophic,philosophy
philosophical,philosophy
phocine,seal
phonemic,phoneme
phonetic,phone
phonetic,phonetics
phonic,phone
phonic,phonics
phonic,speech
phonogramic,phonogram
phonologic,phonology
phonological,phonology
phosphoric,phosphorus
phosphorous,phosphorus
photic,light
photochemical,photochemistry
photoconductive,photoconductivity
photoelectric,electricity
photoelectrical,photoelectricity
photoemissive,photoemission
photographic,photography
photomechanical,photomechanics
photometric,photometry
photometrical,photometry
photosynthetic,photosynthesis
photovoltaic,voltage
phrasal,phrase
phreatic,ground_water
phrenic,diaphragm
phrenological,phrenology
phyletic,phylogeny
phyllodial,phyllode
phylogenetic,phylogeny
physical,physics
physicochemical,physical_chemistry
physiological,physiology
physiotherapeutic,physiotherapy
pianistic,pianist
pianistic,piano
pictographic,pictograph
pictorial,picture
pictural,picture
pietistic,Pietism
pietistical,Pietism
piezoelectric,piezoelectricity
pilar,pilus
pilosebaceous,hair_follicle
pilosebaceous,sebaceous_gland
pineal,pineal_body
piratical,piracy
piratical,pirate
piscatorial,fishing
piscatory,fishing
piscine,fish
plagioclastic,plagioclase
plane-polarized,polarization
planetal,planet
planetary,Earth
planetary,planet
planktonic,plankton
planographic,planography
plantal,plant
plantar,sole
pleochroic,pleochroism
pleomorphic,pleomorphism
pleural,pleura
plumbaginaceous,Plumbaginaceae
plumbic,lead
plumbous,lead
pluralistic,pluralism
plutocratic,plutocrat
plutocratical,plutocrat
pneumatic,air
pneumococcal,pneumococcus
pneumogastric,lung
pneumogastric,stomach
pneumonic,lung
pneumonic,pneumonia
poetic,poet
poetic,poetry
poetical,poetry
point-of-sale,point
polar,pole
polarographic,polarography
polemoniaceous,family_Polemoniaceae
political,politics
politically_correct,political_correctness
politically_incorrect,political_incorrectness
polyatomic,atom
polydactyl,dactyl
polydactylous,dactyl
polygonal,polygon
polyhedral,polyhedron
polymeric,polymer
polymorphic,polymorphism
polymorphous,polymorphism
polyphase,phase
polyphonic,polyphone
polyphonic,polyphony
polyphonous,polyphony
pompous,pomp
pontifical,bishop
pontifical,pope
popliteal,knee
porcine,swine
porphyritic,porphyry
positionable,position
positional,position
positive,positivism
positivist,positivism
positivistic,positivism
possessive,possessive_case
post-communist,communism
postal,post
postbiblical,Bible
postdiluvian,Noachian_deluge
postdoctoral,postdoc
postexilic,Babylonian_Captivity
postganglionic,ganglion
postglacial,glacial_period
postictal,ictus
postmenopausal,menopause
postmillennial,millennium
postmodern,postmodernism
postmodernist,postmodernism
postnuptial,wedding
postpositive,postposition
postural,posture
pouched,pouch
praetorial,praetor
praetorian,praetor
pragmatic,pragmatism
pragmatical,pragmatism
prandial,meal
pre-Christian,Christian_era
pre-Jurassic,Jurassic
pre-Socratic,Socrates
preanal,anus
precancerous,cancer
preclinical,medical_diagnosis
precordial,precordium
predestinarian,predestination
prefectural,prefecture
prehistoric,prehistory
prejudicial,prejudice
prejudicious,prejudice
prelapsarian,fall
premarital,wedding
premedical,medicine
premenopausal,menopause
premenstrual,menstruation
prenuptial,wedding
prepositional,preposition
presentational,presentation
presidential,president
presocratic,Socrates
pressor,blood_pressure
presymptomatic,medical_diagnosis
pretorial,praetor
pretorian,praetor
priestly,priesthood
prime,prime_number
primiparous,primipara
prismatic,prism
pro-American,America
probabilistic,probabilism
probabilistic,probability
procaryotic,prokaryote
procedural,procedure
processional,procession
proconsular,proconsul
prodromal,prodrome
prodromic,prodrome
professional,profession
professorial,professor
proficient,proficiency
progestational,gestation
progestational,progesterone
prokaryotic,prokaryote
prolusory,prolusion
promissory,promise
promotional,promotion
pronominal,pronoun
propagandistic,propagandist
propagative,propagation
proprioceptive,proprioception
propulsive,propulsion
prosodic,prosody
prostate,prostate_gland
prostatic,prostate_gland
prosthetic,prosthesis
prosthetic,prosthetics
prosthodontic,prosthodontics
proteinaceous,protein
proteolytic,proteolysis
protozoal,phylum_Protozoa
protozoan,phylum_Protozoa
protozoic,phylum_Protozoa
provencal,Provence
proverbial,proverb
providential,providence
provincial,province
psychiatric,psychiatry
psychiatrical,psychiatry
psychoanalytic,psychoanalysis
psychoanalytical,psychoanalysis
psychogenetic,psychogenesis
psychogenic,psychogenesis
psycholinguistic,psycholinguistics
psychological,psychology
psychometric,psychometry
psychomotor,idea
psychomotor,reaction
psychopharmacological,psychopharmacology
psychosexual,psychosexuality
psychotherapeutic,psychotherapy
pteridological,pteridology
pubertal,puberty
pubic,pubis
pudendal,pudendum
puerile,child
puerperal,childbirth
puerperal,puerpera
puerperal,puerperium
pugilistic,pugilism
pugilistic,pugilist
pulmonary,lung
pulmonic,lung
pupillary,pupil
purgatorial,purgation
purgatorial,purgatory
purging,purgation
purifying,purgation
puritanical,Puritanism
puritanical,puritan
putrid,putrefaction
pyaemic,pyaemia
pycnotic,pyknosis
pyemic,pyemia
pyknotic,pyknosis
pyloric,pylorus
pyogenic,pyorrhea
pyrectic,pyrogen
pyrochemical,chemical
pyroelectric,pyroelectricity
pyroelectrical,pyroelectricity
pyrogallic,pyrogallol
pyrogenetic,pyrogen
pyrogenic,heat
pyrogenic,pyrogen
pyrogenous,heat
pyrogenous,pyrogen
pyrographic,pyrography
pyroligneous,pyrolysis
pyrolignic,pyrolysis
pyrolytic,pyrolysis
pyrotechnic,pyrotechnics
pyrotechnical,pyrotechnics
pyrrhic,Pyrrhus
quadrangular,quadrangle
quadraphonic,quadraphony
quadrasonic,quadraphony
quadratic,square
quadriphonic,quadraphony
quadrisonic,quadraphony
qualitative,qualitative_analysis
quantal,quantum
quantitative,quantity
quantized,quantum
quartan,time_period
quarterly,quarter
quartzose,quartz
quintessential,quintessence
rabbinic,rabbi
rabbinical,rabbi
rabid,rabies
racial,race
radial,radius
radial,ray
radial-ply,pneumatic_tire
radical,root
radio,radiant_energy
radiographic,radiography
radiological,radiology
radiophonic,radiotelephony
radiotelephonic,radiotelephony
raptorial,raptor
rational,ratio
rationalist,rationalism
rationalistic,rationalism
ratlike,rat
ratty,rat
rayless,ray
real-time,real_time
realistic,realism
recessional,recession
recessionary,recession
recessive,recession
recoilless,recoil
recombinant,recombinant_DNA
recreational,recreation
rectal,rectum
rectosigmoid,rectum
rectosigmoid,sigmoid_colon
redemptional,redemption
redemptive,redemption
redemptory,redemption
reductionist,reductionism
refractile,refraction
refractive,refraction
refractory-lined,refractory
regimental,regiment
regional,region
relativistic,relativism
relativistic,relativity
renal,kidney
rental,rent
reptilian,Reptilia
republican,Republican_Party
residential,residence
residual,residue
residuary,residue
residuary,residuum
resinated,resin
resinlike,resin
resistive,resistance
respiratory,respiration
responsive,response
retentive,retention
retinal,retina
reversionary,reversion
revivalistic,revivalism
revolutionary,revolution
rheologic,rheology
rheological,rheology
rhetorical,rhetoric
rhinal,nose
rhizoidal,rhizoid
rhizomatous,rhizome
rhombic,rhombus
rhomboidal,rhomboid
rickettsial,rickettsia
riparian,riverbank
ritual,religious_rite
ritual,rite
ritualistic,ritualism
robotic,robot
rocket-propelled,rocket_propulsion
roentgenographic,roentgenography
romaic,Greece
romantic,Romanticism
romanticist,Romanticism
romanticistic,Romanticism
romish,Romanism
ropey,rope
ropy,rope
rosaceous,Rosaceae
rotary,rotation
rotational,rotation
rotatory,rotation
royal,monarch
royal,royalty
ruminant,Ruminantia
runic,rune
rupestral,rock
rupicolous,rock
rural,country
sabbatic,Sabbath
sabbatical,Sabbath
sabbatical,sabbatical_leave
saccadic,saccade
sacculate,saccule
sacculated,saccule
sacerdotal,priesthood
sacerdotal,sacerdotalism
sacral,sacrum
sacramental,sacrament
sacrificial,sacrifice
sadomasochistic,sadomasochism
salamandriform,salamander
salientian,Salientia
salivary,saliva
salvific,salvation
sanious,sanies
sapiens,Homo_sapiens
saponaceous,soap
sapphirine,sapphire
saprobic,saprobe
saprophytic,saprophyte
sarcolemmal,sarcolemma
sarcolemmic,sarcolemma
sarcolemnous,sarcolemma
sarcosomal,sarcosome
sartorial,sartorius
sartorial,tailor
sartorial,tailoring
satyric,satyr
satyrical,satyr
saurian,lizard
saxatile,saxicolous_plant
saxicoline,saxicolous_plant
saxicolous,saxicolous_plant
scalar,scale
scalene,scalene_muscle
scalene,scalene_triangle
scalic,scale
scapular,scapula
scapulohumeral,humerus
scapulohumeral,scapula
scenic,scenery
schismatic,schism
schismatical,schism
schizoid,schizophrenia
schizophrenic,schizophrenia
scholastic,Scholasticism
scholastic,school
sciatic,hip
sciatic,sciatica
scientific,scientific_knowledge
sclerosed,sclerosis
sclerotic,sclera
sclerotic,sclerosis
scopal,scope
scorbutic,scurvy
scotomatous,scotoma
scriptural,Scripture
scriptural,script
scrotal,scrotum
sculptural,sculpture
scurfy,scurf
secretarial,secretary
secretory,secretion
sectarian,sect
sectional,section
sectorial,sector
secular,secularism
sedimentary,sediment
seismologic,seismology
seismological,seismology
self-aggrandising,self-aggrandisement
self-aggrandizing,self-aggrandizement
self-induced,self-induction
self-limited,limit
self-pollinating,self-pollination
self-renewing,self-renewal
semantic,semantics
semi-tuberous,tuber
semiautobiographical,autobiography
seminal,semen
seminiferous,semen
semiotic,semiotics
semiparasitic,semiparasite
semiterrestrial,earth
senatorial,senator
sensational,sensation
sensorimotor,reaction
sensory,sensation
sentential,sentence
sepaline,sepal
sepaloid,sepal
septal,septum
septate,septum
septic,decomposition
sepulchral,sepulchre
seraphic,seraph
seraphical,seraph
serial,serialism
serial,series
sericultural,sericulture
serologic,serology
serological,serology
serous,serum
servo,servomechanism
servomechanical,servomechanism
sex-limited,sex_characteristic
sex-linked,sex_linkage
sexagesimal,one-sixtieth
sexual,sex
shallow-draft,draft
shallow-draught,draft
shamanist,shamanism
shamanistic,shamanism
shambolic,shambles
shaped,shape
sharp-pointed,point
shelflike,shelf
short-handled,handle
short-order,short_order
shouldered,shoulder
shrubby,shrub
side-to-side,side
sidearm,pitch
sidereal,constellation
sigmoid,curve
sigmoid,sigmoid_flexure
sigmoidal,sigmoid_flexure
siliceous,silica
silicious,silica
simian,ape
sinewy,sinew
single-humped,hump
single-stranded,strand
skeletal,skeleton
skinny,skin
slivery,sliver
small-cap,market_capitalization
small-capitalisation,market_capitalisation
small-capitalization,market_capitalization
snow-capped,snowcap
soapy,soap
social,society
societal,society
sociobiologic,sociobiology
sociobiological,sociobiology
sociocultural,culture
sociocultural,society
sociolinguistic,sociolinguistics
sociological,sociology
sociopathic,sociopathic_personality
soft-finned,soft-finned_fish
soft-nosed,bullet
solanaceous,Solanaceae
solar,sun
somatosensory,somatosense
sophistic,sophist
soteriological,soteriology
spacial,space
spastic,spasm
spatial,space
spatiotemporal,space-time
specialistic,specialist
specific,species
spectral,spectrum
spectrographic,spectrograph
spectrometric,spectrometry
spectroscopic,spectroscopy
spectroscopical,spectroscopy
spermatic,sperm
spermicidal,spermicide
spermous,sperm
spherical,sphere
sphingine,sphinx
spicate,spike
spinal,spine
spiny-finned,spiny-finned_fish
spiritualist,spiritualism
spiritualistic,spiritualism
splashy,splash
splenetic,spleen
splenic,spleen
splintery,splinter
spondaic,spondee
sporogenous,spore
sporting,sport
sportive,sport
spousal,spouse
spousal,wedding
spring-loaded,spring
squint-eyed,squint
squinty,squint
stagflationary,stagflation
stainable,stainability
stannic,tin
stannous,tin
staphylococcal,staphylococcus
static,static_electricity
statistical,statistics
statuary,statue
statutory,statute
stearic,fat
stellar,star
stemmatic,stemma
stenographic,stenography
stenographical,stenography
stereoscopic,stereoscope
stereoscopic,stereoscopy
sternal,sternum
sternutatory,sternutator
steroidal,steroid_hormone
stigmatic,stigma
stigmatic,stigmatism
stingless,sting
stipendiary,stipend
stoichiometric,stoichiometry
stoloniferous,stolon
stomachal,stomach
stomachic,stomach
stomatal,stoma
stomatous,stoma
stored-program,stored_program
stovepiped,stovepiping
strategic,strategy
strategical,strategy
strep,streptococcus
streptococcal,streptococcus
streptococcic,streptococcus
striate,stria
structural,structure
sub-Saharan,Sahara
subarctic,Arctic_Circle
subatomic,atom
subclavian,clavicle
subcortical,cortex
subcutaneous,skin
subdural,dura_mater
subjunctive,subjunctive_mood
sublingual,tongue
sublittoral,continental_shelf
sublunar,Moon
sublunary,Moon
suborbital,orbit
substantival,substantive
subtropic,subtropics
subtropical,subtropics
suburban,suburb
succinic,amber
suctorial,suction
sudorific,sudation
sudsy,suds
sulcate,sulcus
sulfuretted,sulfur
sulfuric,sulfur
sulfurized,sulfur
sulfurous,sulfur
sulphuretted,sulfur
sulphuric,sulfur
sulphurous,sulphur
superficial,surface
superlunar,Moon
superlunary,Moon
supernaturalist,supernaturalism
supernaturalistic,supernaturalism
supervisory,supervisor
suppurative,suppuration
supraocular,eye_socket
supraorbital,eye_socket
surficial,surface
surgical,surgery
sustainable,sustainability
sustentacular,sustainment
syllabic,syllabary
syllabic,syllable
syllogistic,syllogism
symbolic,symbol
symbolic,symbolism
symbolical,symbol
sympathetic,sympathetic_nervous_system
symphonic,symphony
symptomatic,symptom
synaesthetic,synesthesia
synaptic,synapse
syncretic,syncretism
syncretical,syncretism
syncretistic,syncretism
syncretistical,syncretism
synergistic,synergism
synesthetic,synesthesia
synoptic,synopsis
synovial,synovia
syntactic,syntax
syntactical,syntax
syntagmatic,syntagma
syphilitic,syphilis
systolic,systole
tabular,table
tactical,tactic
tactical,tactics
tactile,touch
tactual,touch
tangential,tangent
tannic,tannin
tarsal,tarsus
tartaric,tartar
taurine,bull
taxonomic,taxonomy
taxonomical,taxonomy
technical,technicality
technical,technique
technical,technology
technological,technology
technophilic,technophilia
technophobic,technophobia
tectonic,tectonics
tegular,tile
telegraphic,telegraph
telemetered,telemetry
teleological,teleology
telephonic,telephone
tellurian,earth
telluric,earth
telluric,tellurium
telocentric,centromere
temperamental,temperament
temporal,temple
temporal,time
tendinous,tendon
tendril-climbing,tendril
tensile,tension
tensional,tension
tentacled,tentacle
tentacular,tentacle
teratogenic,teratogen
terminal,term
terminal,terminus
terminological,terminology
terpsichorean,terpsichore
terrene,earth
terrestrial,earth
territorial,territory
tertian,cycle
tertian,third
testaceous,testa
testamentary,testament
testicular,testis
testimonial,testimony
tetanic,tetanus
tetanic,tetany
tetragonal,tetragon
tetrametric,tetrameter
tetravalent,valence
textile,fabric
textual,text
thalassic,sea
thalloid,thallus
thallophytic,thallophyte
theatrical,theater
theist,theism
theistic,theism
theistical,theism
thematic,theme
thenal,thenar
theocratic,theocracy
theological,theology
theosophical,theosophy
therapeutic,therapy
therapeutical,therapy
thermal,heat
thermal,hot_spring
thermic,heat
thermionic,thermion
thermodynamic,thermodynamics
thermodynamical,thermodynamics
thermoelectric,thermoelectricity
thermoelectrical,thermoelectricity
thermometric,thermometry
thermostatic,thermostat
thespian,drama
thoracic,chest
threaded,screw_thread
three-wheel,wheel
three-wheeled,wheel
thyroid,thyroid_gland
thyroidal,thyroid_gland
thyrotoxic,thyrotoxicosis
tibial,tibia
tidal,tide
tiered,tier
time-release,release
tinny,tin
titular,title
titulary,title
toll-free,toll
tomentose,tomentum
tonal,tone
tonic,tone
tonic,tonus
tonsorial,barber
topical,topic
topographic,topography
topographical,topography
topologic,topology
topological,topology
toroidal,toroid
torrential,torrent
tortious,tort
totalistic,totalism
totalitarian,totalitarianism
totemic,totemism
totipotent,totipotency
toxicologic,toxicology
toxicological,toxicology
trabecular,trabecula
trabeculate,trabecula
tracheal,trachea
tractive,traction
tragic,tragedy
tragicomic,tragicomedy
transcendental,transcendentalism
transcultural,culture
transcutaneous,skin
transdermal,dermis
transdermic,dermis
transitional,transition
translational,translation
translunar,Moon
translunary,Moon
transoceanic,ocean
transpolar,pole
transuranic,uranium
trapezoidal,trapezoid
traumatic,trauma
triangulate,triangle
tribal,tribe
tricentenary,tercentenary
tricentenary,tercentennial
tricentenary,triennial
tricentennial,tercentenary
tricentennial,tercentennial
tricentennial,triennial
trigonometric,trigonometry
trihydroxy,hydroxyl
triumphal,triumph
trivalent,valence
trochaic,trochee
trophic,nutrition
trophoblastic,trophoblast
trophotropic,trophotropism
tropical,tropic
tsarist,czar
tsaristic,czar
tubal,tube
tubercular,tubercle
tubercular,tuberculosis
tubercular,tuberosity
tuberculate,tubercle
tuberculoid,tuberculosis
tuberous,tuber
turbinate,turbinate_bone
tutorial,tutor
two-humped,hump
two-wheel,wheel
two-wheeled,wheel
tympanic,tympani
tympanic,tympanum
tympanitic,tympanites
typographic,typography
typographical,typography
tzarist,czar
ulcerative,ulceration
ulnar,ulna
ultramicroscopic,ultramicroscope
ultramontane,ultramontanism
umbellar,umbel
umbellate,umbel
umbelliferous,Umbelliferae
umbelliform,umbel
umbilical,umbilicus
undescended,undescended_testicle
undulant,undulation
undulatory,undulation
unfretted,fret
ungual,claw
ungual,hoof
ungual,nail
unicellular,cell
uninucleate,nucleus
uniovular,ovule
uniovulate,ovule
unitary,unit
unitary,unity
universalist,universalism
universalistic,universalism
universalistic,whole
unmyelinated,myelin
unpigmented,pigmentation
unthematic,theme
urban,city
urceolate,urceole
uremic,uremia
urethral,urethra
uric,urine
uricosuric,urine
urinary,urinary_system
urinary,urine
urogenital,urogenital_system
ursine,bear
usufructuary,usufruct
uterine,uterus
utopian,utopia
uveal,uvea
uveous,uvea
uvular,uvula
vacuolate,vacuole
vacuolated,vacuole
vagal,vagus
vaginal,vagina
valedictory,valediction
valent,valence
valetudinary,valetudinarian
valved,valve
valvular,valve
varicelliform,varicella
variolar,variola
variolic,variola
variolous,variola
vascular,vessel
vasomotor,vasoconstriction
vasomotor,vasodilation
vegetal,vegetation
vegetative,vegetation
vegetive,vegetation
vehicular,vehicle
veinal,vein
velar,velum
venous,vein
ventilatory,ventilation
ventricular,ventricle
verbal,verb
verbal,word
vertebral,vertebra
vertical,vertical_integration
vesical,vesica
vesicular,vesicle
vestal,Vesta
vestiary,clothing
vestibular,vestibular_sense
vestmental,vestment
veterinary,veterinarian
veterinary,veterinary_medicine
viatical,viatication
vibrational,vibration
vibrionic,genus_Vibrio
vicarial,vicar
vice-presidential,vice_president
vicennial,twenty
viceregal,viceroy
vicinal,vicinity
vigesimal,twenty
vinaceous,wine
vinous,wine
viral,virus
virginal,virginity
viricidal,viricide
virological,virology
virucidal,virucide
visceral,viscera
viscometric,viscometer
viscosimetric,viscosimeter
visual,sight
vitiliginous,vitiligo
vitreous,glass
vitreous,vitreous_humor
vocal,voice
vocalic,vowel
vocational,vocation
volar,palm
volar,sole
volcanic,volcano
voltaic,voltage
volumed,volume
volumetric,volumeter
volumetrical,volumeter
voyeuristic,voyeur
voyeuristic,voyeurism
voyeuristical,voyeur
voyeuristical,voyeurism
vulpecular,fox
vulpine,fox
vulval,vulva
vulvar,vulva
waxen,wax
waxy,wax
weatherly,weatherliness
wedge-shaped,wedge
wheaten,wheat
whiplike,whip
whole-wheat,wheat
wholemeal,wheat
wide-angle,wide-angle_lens
wideband,frequency_band
wiry,wire
wolfish,wolf
wolflike,wolf
woolen,wool
woollen,wool
word-blind,word_blindness
wrinkle-resistant,wrinkle
wrinkleproof,wrinkle
xerographic,xerography
yeastlike,yeast
yeasty,yeast
yogic,yoga
yogistic,yoga
zenithal,zenith
zero,null_set
zodiacal,zodiac
zoic,animal
zonal,zone
zoological,animal
zoological,zoology
zoonotic,zoonosis
zygomatic,cheek
zygotic,zygote
zymoid,enzyme
zymolytic,zymosis
zymotic,zymosis
